Workbook

Sheet 요약
A1: 공공데이터포털(data.go.kr) 환경안전보건(EHS) 담당자용 API·파일데이터 목록
A2: 조사일: 2026-10-04 / 방법: 포털 키워드 검색(100여 개 EHS 키워드) + 핵심 EHS 기관 31곳 전체 데이터 수집 후 실무 관련성 기준 선별 / ★ = 우선 검토 추천
A4: 분야 | B4: 전체 | C4: 오픈API | D4: 파일데이터 | E4: ★핵심
A5: 01 법령·질의회시·Q&A·해석 | B5: =COUNTIF(전체목록!$A:$A,A5) | C5: =COUNTIFS(전체목록!$A:$A,A5,전체목록!$C:$C,"오픈API") | D5: =COUNTIFS(전체목록!$A:$A,A5,전체목록!$C:$C,"파일데이터") | E5: =COUNTIFS(전체목록!$A:$A,A5,전체목록!$B:$B,"★")
A6: 02 화학물질·MSDS·화학사고 | B6: =COUNTIF(전체목록!$A:$A,A6) | C6: =COUNTIFS(전체목록!$A:$A,A6,전체목록!$C:$C,"오픈API") | D6: =COUNTIFS(전체목록!$A:$A,A6,전체목록!$C:$C,"파일데이터") | E6: =COUNTIFS(전체목록!$A:$A,A6,전체목록!$B:$B,"★")
A7: 03 작업환경·보건관리·건강진단 | B7: =COUNTIF(전체목록!$A:$A,A7) | C7: =COUNTIFS(전체목록!$A:$A,A7,전체목록!$C:$C,"오픈API") | D7: =COUNTIFS(전체목록!$A:$A,A7,전체목록!$C:$C,"파일데이터") | E7: =COUNTIFS(전체목록!$A:$A,A7,전체목록!$B:$B,"★")
A8: 04 산업재해 통계·사고사례 | B8: =COUNTIF(전체목록!$A:$A,A8) | C8: =COUNTIFS(전체목록!$A:$A,A8,전체목록!$C:$C,"오픈API") | D8: =COUNTIFS(전체목록!$A:$A,A8,전체목록!$C:$C,"파일데이터") | E8: =COUNTIFS(전체목록!$A:$A,A8,전체목록!$B:$B,"★")
A9: 05 산재보험·보상·업무상질병 | B9: =COUNTIF(전체목록!$A:$A,A9) | C9: =COUNTIFS(전체목록!$A:$A,A9,전체목록!$C:$C,"오픈API") | D9: =COUNTIFS(전체목록!$A:$A,A9,전체목록!$C:$C,"파일데이터") | E9: =COUNTIFS(전체목록!$A:$A,A9,전체목록!$B:$B,"★")
A10: 06 안전보건 지정기관·인증·검사·교육기관 | B10: =COUNTIF(전체목록!$A:$A,A10) | C10: =COUNTIFS(전체목록!$A:$A,A10,전체목록!$C:$C,"오픈API") | D10: =COUNTIFS(전체목록!$A:$A,A10,전체목록!$C:$C,"파일데이터") | E10: =COUNTIFS(전체목록!$A:$A,A10,전체목록!$B:$B,"★")
A11: 07 안전보건 교육자료·매뉴얼·가이드 | B11: =COUNTIF(전체목록!$A:$A,A11) | C11: =COUNTIFS(전체목록!$A:$A,A11,전체목록!$C:$C,"오픈API") | D11: =COUNTIFS(전체목록!$A:$A,A11,전체목록!$C:$C,"파일데이터") | E11: =COUNTIFS(전체목록!$A:$A,A11,전체목록!$B:$B,"★")
A12: 08 폐기물·자원순환 | B12: =COUNTIF(전체목록!$A:$A,A12) | C12: =COUNTIFS(전체목록!$A:$A,A12,전체목록!$C:$C,"오픈API") | D12: =COUNTIFS(전체목록!$A:$A,A12,전체목록!$C:$C,"파일데이터") | E12: =COUNTIFS(전체목록!$A:$A,A12,전체목록!$B:$B,"★")
A13: 09 대기·수질·토양·환경측정 | B13: =COUNTIF(전체목록!$A:$A,A13) | C13: =COUNTIFS(전체목록!$A:$A,A13,전체목록!$C:$C,"오픈API") | D13: =COUNTIFS(전체목록!$A:$A,A13,전체목록!$C:$C,"파일데이터") | E13: =COUNTIFS(전체목록!$A:$A,A13,전체목록!$B:$B,"★")
A14: 10 환경 인허가·배출사업장·대행업체 | B14: =COUNTIF(전체목록!$A:$A,A14) | C14: =COUNTIFS(전체목록!$A:$A,A14,전체목록!$C:$C,"오픈API") | D14: =COUNTIFS(전체목록!$A:$A,A14,전체목록!$C:$C,"파일데이터") | E14: =COUNTIFS(전체목록!$A:$A,A14,전체목록!$B:$B,"★")
A15: 11 온실가스·환경정보공개·ESG·환경인증 | B15: =COUNTIF(전체목록!$A:$A,A15) | C15: =COUNTIFS(전체목록!$A:$A,A15,전체목록!$C:$C,"오픈API") | D15: =COUNTIFS(전체목록!$A:$A,A15,전체목록!$C:$C,"파일데이터") | E15: =COUNTIFS(전체목록!$A:$A,A15,전체목록!$B:$B,"★")
A16: 12 시설안전(가스·전기·승강기·소방·위험물·건설·방사선) | B16: =COUNTIF(전체목록!$A:$A,A16) | C16: =COUNTIFS(전체목록!$A:$A,A16,전체목록!$C:$C,"오픈API") | D16: =COUNTIFS(전체목록!$A:$A,A16,전체목록!$C:$C,"파일데이터") | E16: =COUNTIFS(전체목록!$A:$A,A16,전체목록!$B:$B,"★")
A17: 합계 | B17: =SUM(B5:B16) | C17: =SUM(C5:C16) | D17: =SUM(D5:D16) | E17: =SUM(E5:E16)
A19: 참고
A20: - 오픈API는 data.go.kr 로그인 후 "활용신청" → 인증키 발급 필요(대부분 개발계정 자동승인).
A21: - 파일데이터는 상세페이지에서 바로 다운로드(CSV/XLSX/PDF/HWP 등).
A22: - 지자체(시·군·구) 단위의 폐수/대기배출시설, 사업장폐기물배출자, 석면조사 대상 건축물 등은 수백 건이라 이 목록에서 제외. 필요 시 "OO시 폐수배출시설" 식으로 검색.
A23: - 행정안전부 "자원환경_" 계열(LOCALDATA 인허가)은 전국 인허가 대장이라 지자체 개별 데이터보다 우선 활용 권장.
A24: - "포털 외 자료" 시트: 요청 예시 중 data.go.kr에 등록되지 않은 자료(고용노동부 MSDS 질의회시집, 원주청 지정폐기물 사례집 등)의 원 출처.

Sheet 전체목록
A1: 분야 | B1: ★ | C1: 유형 | D1: 데이터명 | E1: 제공기관 | F1: 형식 | G1: 수정일 | H1: 링크 | I1: 설명(포털 요약)
A2: 01 법령·질의회시·Q&A·해석 | B2: ★ | C2: 오픈API | D2: 국민권익위원회_민원정책 질의응답조회서비스 | E2: 국민권익위원회 | F2: JSON | G2: 2026-09-23 | H2: https://www.data.go.kr/data/15074671/openapi.do | I2: 국민권익위원회는 민원정책에 대한 질의응답 데이터를 공개하여 공공 및 민간의 행정 연구에 활용할 수 있도록 지원하고 있습니다.
A3: 01 법령·질의회시·Q&A·해석 | B3: ★ | C3: 오픈API | D3: 근로복지공단_산재보험 판례 판결문 조회 서비스 | E3: 근로복지공단 | F3: XML | G3: 2026-01-12 | H3: https://www.data.go.kr/data/15041878/openapi.do | I3: 본 API로는 근로복지공단이 보유하고 있는 방대한 산재보험 관련 판례 판결문을 조회 할 수 있습니다.
A4: 01 법령·질의회시·Q&A·해석 | B4: ★ | C4: 오픈API | D4: 법제처_고용노동부 법령해석 목록 조회 | E4: 법제처 | F4: XML+JSON | G4: 2025-07-03 | H4: https://www.data.go.kr/data/15140236/openapi.do | I4: 본 서비스는 근로기준법, 산업안전보건법, 고용정책기본법 등 노동 관련 법령에 대해 고용노동부가 법제처에 질의한 사례들을 목록 형태로 제공합니다.
A5: 01 법령·질의회시·Q&A·해석 | B5: ★ | C5: 오픈API | D5: 법제처_고용노동부 법령해석 본문 조회 | E5: 법제처 | F5: XML+JSON | G5: 2025-07-03 | H5: https://www.data.go.kr/data/15140237/openapi.do | I5: 본 서비스는 근로기준법, 산업안전보건법, 고용정책기본법 등 고용노동부 관할 법령에 대한 질의에 대해 법제처가 회신한 해석 내용을 본문 형태로 제공합니다.
A6: 01 법령·질의회시·Q&A·해석 | B6: ★ | C6: 오픈API | D6: 법제처_법령해석례 목록 조회 | E6: 법제처 | F6: XML | G6: 2025-07-08 | H6: https://www.data.go.kr/data/15059136/openapi.do | I6: 본 데이터는 법제처에서 제공하는 법령 해석 사례의 목록 정보를 포함하고 있습니다.
A7: 01 법령·질의회시·Q&A·해석 | B7: ★ | C7: 오픈API | D7: 법제처_소방청 법령해석 목록 조회 | E7: 법제처 | F7: XML+JSON | G7: 2025-11-25 | H7: https://www.data.go.kr/data/15153132/openapi.do | I7: 법제처 국가법령정보센터에서 제공하는 소방청 법령해석 데이터로, 법령해석에 대한 목록 정보를 조회하는 서비스입니다. 본 서비스는 소방청 소관 법령 질의 및 해석 사례를 목록 형태로 제공하며, 해석일련번호, 안건명, 해석기관명, 해석일자 등의 기본 정보가 포함됩니다. 사용
A8: 01 법령·질의회시·Q&A·해석 | B8: ★ | C8: 오픈API | D8: 법제처_소방청 법령해석 본문 조회 | E8: 법제처 | F8: XML+JSON | G8: 2025-11-25 | H8: https://www.data.go.kr/data/15153134/openapi.do | I8: 본 서비스는 소방청 소관 법령 질의에 대한 법제처의 회신 내용을 본문 형태로 제공하며, 해석일련번호, 안건명, 해석일자, 기관정보, 질의요지, 회답, 이유, 관련법령 등의 항목으로
A9: 01 법령·질의회시·Q&A·해석 | B9: ★ | C9: 오픈API | D9: 법제처_행정규칙 목록 조회 | E9: 법제처 | F9: XML | G9: 2025-07-10 | H9: https://www.data.go.kr/data/15057542/openapi.do | I9: 법제처에서 제공하는 행정규칙 목록 조회 서비스 데이터입니다. 행정규칙의 일련번호, 규칙명, 소관부처, 제정·개정일자, 시행일자, 규칙코드, 행정분야 구분 등의 항목을 체계적으로 확인할 수 있습니다. 규칙명, 부처명, 규칙코드 등을 파라미터로 지정하여 원하는 목록을 선택
A10: 01 법령·질의회시·Q&A·해석 | B10: ★ | C10: 오픈API | D10: 법제처_현행법령 본문 조회 | E10: 법제처 | F10: XML | G10: 2025-07-10 | H10: https://www.data.go.kr/data/15057358/openapi.do | I10: 법제처에서 제공하는 현행법령 본문 조회 서비스 데이터입니다. 해당 데이터는 현재 효력이 발생 중인 법령의 본문을 조문 단위로 상세히 제공합니다.
A11: 01 법령·질의회시·Q&A·해석 | B11: ★ | C11: 오픈API | D11: 법제처_환경부 법령해석 목록 조회 | E11: 법제처 | F11: XML+JSON | G11: 2025-07-03 | H11: https://www.data.go.kr/data/15140241/openapi.do | I11: 제공되는 데이터는 대기질, 수질, 폐기물, 화학물질 관리 등 주요 환경 정책과 관련된 행정 해석 사례를 포괄하고 있습니다.
A12: 01 법령·질의회시·Q&A·해석 | B12: ★ | C12: 오픈API | D12: 법제처_환경부 법령해석 본문 조회 | E12: 법제처 | F12: XML+JSON | G12: 2025-07-03 | H12: https://www.data.go.kr/data/15140310/openapi.do | I12: 본 서비스는 폐기물 처리, 대기환경보전, 수질오염 방지, 화학물질 안전관리 등 환경 분야 전반에 걸쳐 환경부가 질의한 법령 해석에 대한 회신 본문을 제공합니다.
... A23: 01 법령·질의회시·Q&A·해석 | B23: ★ | C23: 파일데이터 | D23: 한국환경공단_유해화학물질 취급시설 검사 FAQ | E23: 한국환경공단 | F23: CSV | G23: 2026-08-27 | H23: https://www.data.go.kr/data/15118735/fileData.do | I23: 본 데이터는 유해화학물질 취급시설 검사 및 안전진단 시스템의 FAQ(자주 묻는 질문) 정보를 담고 있으며, 각 항목은 질문, 답변(HTML 형식), 게시여부, 등록일, 수정일로 구성되어 있음. 질문은 사용자들이 시스템 이용 중 자주 접하는 문제나 궁금증을 바탕으로 작성
A24: 01 법령·질의회시·Q&A·해석 | C24: 오픈API | D24: 국민권익위원회_고충민원 결정례 조회 서비스 | E24: 국민권익위원회 | F24: XML+JSON | G24: 2025-09-01 | H24: https://www.data.go.kr/data/15102383/openapi.do | I24: 국민이 일상생활 속에서 겪는 다양한 고충민원에 대해 2013년 이후 국민권익위원회에서 처리한 약 700여 건의 고충민원 사례를 수록한 결정례집을 기반으로 하며, 각 사례는 행정, 교육
A25: 01 법령·질의회시·Q&A·해석 | C25: 오픈API | D25: 법제처 별표,서식(행정규칙)정보 | E25: 법제처 | F25: XML | G25: 2025-07-08 | H25: https://www.data.go.kr/data/3034000/openapi.do | I25: 이러한 정보는 행정기관의 업무 수행과 관련된 법령의 해석과 적용에 있어 중요한 참고자료로 활용됩니다.
A26: 01 법령·질의회시·Q&A·해석 | C26: 오픈API | D26: 법제처_국토교통부 법령해석 목록 조회 | E26: 법제처 | F26: XML+JSON | G26: 2025-07-03 | H26: https://www.data.go.kr/data/15140238/openapi.do | I26: 본 서비스는 국토의 계획 및 이용에 관한 법률, 건축법, 주택법, 도로법 등 국토교통부 관련 법령에 대한 해석 요청 목록을 제공하며, 각 사례는 실제 행정 현장에서 제기된 법적 쟁점에
A27: 01 법령·질의회시·Q&A·해석 | C27: 오픈API | D27: 법제처_국토교통부 법령해석 본문 조회 | E27: 법제처 | F27: XML+JSON | G27: 2025-07-03 | H27: https://www.data.go.kr/data/15140240/openapi.do | I27: 법제처 국가법령정보센터에서 제공하는 국토교통부 법령해석 데이터로, 법령해석에 대한 본문 정보를 조회하는 서비스입니다.
A28: 01 법령·질의회시·Q&A·해석 | C28: 오픈API | D28: 법제처_법령 용어 목록 조회 | E28: 법제처 | F28: XML | G28: 2025-07-08 | H28: https://www.data.go.kr/data/15057595/openapi.do | I28: 법제처_법령 용어 목록 조회 데이터는 대한민국 법령에서 사용되는 주요 법률용어와 그 정의를 체계적으로 수록한 자료입니다.
A29: 01 법령·질의회시·Q&A·해석 | C29: 오픈API | D29: 법제처_법령 용어 본문 조회 | E29: 법제처 | F29: XML | G29: 2025-07-08 | H29: https://www.data.go.kr/data/15057261/openapi.do | I29: 본 데이터는 법령 내에서 사용되는 용어의 정의 및 본문 내용을 제공하는 데이터입니다.
A30: 01 법령·질의회시·Q&A·해석 | C30: 오픈API | D30: 법제처_법령해석례 | E30: 법제처 | F30: XML | G30: 2025-07-10 | H30: https://www.data.go.kr/data/15057092/openapi.do | I30: 본 데이터는 법제처에서 수집·정리한 법령에 대한 해석례를 제공하는 자료입니다.
A31: 01 법령·질의회시·Q&A·해석 | C31: 오픈API | D31: 법제처_법령해석례 본문 조회 | E31: 법제처 | F31: XML | G31: 2025-07-08 | H31: https://www.data.go.kr/data/15059402/openapi.do | I31: 본 데이터는 법제처가 제공하는 법령 해석례에 대한 전문 정보를 포함합니다. 각 사례는 질의기관명, 질의일자, 문의 법조문과 법령번호, 해당 해석일자 및 해석의견을 수록합니다.
A32: 01 법령·질의회시·Q&A·해석 | C32: 오픈API | D32: 법제처_법령해석례 상세 조회 정보 | E32: 법제처 | F32: XML | G32: 2026-01-02 | H32: https://www.data.go.kr/data/15090746/openapi.do | I32: 법제처 정부입법지원센터에서 제공하는 법령해석례에 대한 상세정보를 OPEN API형식으로 제공하여 국민 모두가 활용 용이하게끔 한 데이터입니다.
A33: 01 법령·질의회시·Q&A·해석 | C33: 오픈API | D33: 법제처_산업통상부 법령해석 목록 조회 | E33: 법제처 | F33: XML+JSON | G33: 2025-11-25 | H33: https://www.data.go.kr/data/15153062/openapi.do | I33: 법제처 국가법령정보센터에서 제공하는 산업통상부 법령해석 데이터로, 법령해석에 대한 목록 정보를 조회하는 서비스입니다.
A34: 01 법령·질의회시·Q&A·해석 | C34: 오픈API | D34: 법제처_산업통상부 법령해석 본문 조회 | E34: 법제처 | F34: XML+JSON | G34: 2025-11-25 | H34: https://www.data.go.kr/data/15153063/openapi.do | I34: 본 서비스는 산업통상부 소관 법령 질의에 대한 법제처의 회신 내용을 본문 형태로 제공하며, 해석일련번호, 안건명, 해석일자, 기관정보, 질의요지, 회답, 이유, 관련법령 등의 항목으로
A35: 01 법령·질의회시·Q&A·해석 | C35: 오픈API | D35: 법제처_자치법규 목록 조회 | E35: 법제처 | F35: XML | G35: 2025-07-09 | H35: https://www.data.go.kr/data/15057575/openapi.do | I35: 본 데이터는 각 자치법규의 명칭, 고시번호, 제정 및 개정 일자, 시행 시작일, 소관 부서, 법령상의 근거 조항, 분류 체계 및 해당 법규의 현재 시행 상태 등을 포함합니다.
... A66: 01 법령·질의회시·Q&A·해석 | C66: 파일데이터 | D66: 한국소방산업기술원_Korea Fire Code | E66: 한국소방산업기술원 | F66: CSV | G66: 2026-08-25 | H66: https://www.data.go.kr/data/15161428/fileData.do | I66: 한국소방산업기술원이 제공하는 “Korea Fire Code”는 공공질서및안전 → 안전관리 분야에 속하는 국가 차원의 화재안전 규정 데이터셋입니다.
A67: 02 화학물질·MSDS·화학사고 | B67: ★ | C67: 오픈API | D67: 기후에너지환경부 화학물질안전원_화학물질 배출 및 이동량 정보 | E67: 기후에너지환경부 화학물질안전원 | F67: XML+JSON | G67: 2022-08-02 | H67: https://www.data.go.kr/data/15024756/openapi.do | I67: 화학물질 배출로부터 국민의 건강 및 환경을 보호하고 사업장으로 하여금 자발적인 화학물질 배출의 저감을 유도하기 위하여 매년 대통령령으로 정하는 화학물질을 취급하는 사업장에 대하여 해당
A68: 02 화학물질·MSDS·화학사고 | B68: ★ | C68: 오픈API | D68: 기후에너지환경부 화학물질안전원_화학물질안전관리정보 | E68: 기후에너지환경부 화학물질안전원 | F68: XML | G68: 2025-05-23 | H68: https://www.data.go.kr/data/15072442/openapi.do | I68: 매년 유해화학물질을 취급하는 사업장과 그 사용량이 꾸준히 증가하고 있습니다. 이에 따라 국민의 안전을 확보하기 위한 체계적인 관리와 정보 제공이 더욱 중요해지고 있습니다.
A69: 02 화학물질·MSDS·화학사고 | B69: ★ | C69: 오픈API | D69: 기후에너지환경부 화학물질안전원_화학사고정보 | E69: 기후에너지환경부 화학물질안전원 | F69: XML | G69: 2025-05-26 | H69: https://www.data.go.kr/data/15072446/openapi.do | I69: 정보 제공의 목적은 전국적으로 발생하는 화학사고의 발생 현황, 원인, 물질 종류, 피해 규모 등의 정보를 체계적으로 수집·분석하여 이를 국민과 관련 기관에 투명하게 공개함으로써 국민의
A70: 02 화학물질·MSDS·화학사고 | B70: ★ | C70: 오픈API | D70: 한국산업안전보건공단_물질안전보건자료 조회 서비스 | E70: 한국산업안전보건공단 | F70: XML | G70: 2026-09-17 | H70: https://www.data.go.kr/data/15157612/openapi.do | I70: 공단 화학물질정보 시스템(https://msds.kosha.or.kr/MSDSInfo/)에서 검색가능한 화학물질 안전보건자료의 목록 및 내용을 제공합니다. - 물질안전보건자료대상물질
A71: 02 화학물질·MSDS·화학사고 | B71: ★ | C71: 오픈API | D71: 한국환경공단_유독물GHS 정보 조회 서비스 | E71: 한국환경공단 | F71: XML+JSON | G71: 2025-09-16 | H71: https://www.data.go.kr/data/15149423/openapi.do | I71: 영문 물질명, CAS번호, 고유번호 등을 기준으로 물질명(국문, 영문), 물질유형 및 고유번호, 신호어, M계수, UN번호, 그림문자코드, 유해성분류(항목명, 분류등급, 유해위험코드) 등을 제공하는 유독물GHS 정보 조회 서비스 부가설명 화학물질관리법에 따라 화학물질
A72: 02 화학물질·MSDS·화학사고 | B72: ★ | C72: 오픈API | D72: 한국환경공단_화학물질 정보 조회 서비스 | E72: 한국환경공단 | F72: XML+JSON | G72: 2025-09-16 | H72: https://www.data.go.kr/data/15149420/openapi.do | I72: CAS번호, 물질명(국문, 영문), 고유번호 등을 기준으로 물질ID, CAS번호, KE번호, 물질명(국문, 영문), 물질유사명(국문, 영문), 분자식, 분자량, 물질분류 (물질분류유형, 고유번호, 함량정보, 예외정보, 고시일자, 고시정보) 등을 제공하는 화학물질 정보
A73: 02 화학물질·MSDS·화학사고 | B73: ★ | C73: 파일데이터 | D73: 고용노동부_신규화학물질 | E73: 고용노동부 | F73: HWPX | G73: 2026-09-20 | H73: https://www.data.go.kr/data/15002450/fileData.do | I73: 고용노동부_신규화학물질 고용노동부에서 산업안전보건법 제108조제3항 및 같은 법 시행규칙 제153조에 따라 공표중인 '신규화학물질의 명칭 등의 공표' 내용의 데이터 입니다.
A74: 02 화학물질·MSDS·화학사고 | B74: ★ | C74: 파일데이터 | D74: 기후에너지환경부 국립환경과학원_특정수질유해물질배출량조사시스템_업체정보 | E74: 기후에너지환경부 국립환경과학원 | F74: CSV | G74: 2025-05-19 | H74: https://www.data.go.kr/data/15121107/fileData.do | I74: 특정수질유해물질 배출량 조사제도는 전년도말(12월31일) 까지 측정한 자료 등을 포함한 '배출량조사표'를 증빙서류와 함께 매년 3월 31일까지 시스템에 입력하는 제도로, 폐수배출시설 설치 허가를 받아 특정수질유해물질을 배출하는 사업장이 해당물질 배출량을 조사하여 제출하
A75: 02 화학물질·MSDS·화학사고 | B75: ★ | C75: 파일데이터 | D75: 기후에너지환경부 화학물질안전원_화학물질안전관리정보 | E75: 기후에너지환경부 화학물질안전원 | F75: CSV | G75: 2026-05-26 | H75: https://www.data.go.kr/data/15024880/fileData.do | I75: 매년 유해화학물질을 취급하는 사업장과 그 사용량이 꾸준히 증가하고 있습니다. 이에 따라 국민의 안전을 확보하기 위한 체계적인 관리와 정보 제공이 더욱 중요해지고 있습니다.
A76: 02 화학물질·MSDS·화학사고 | B76: ★ | C76: 파일데이터 | D76: 한국환경공단_화학물질 유해성 정보 | E76: 한국환경공단 | F76: CSV | G76: 2026-09-21 | H76: https://www.data.go.kr/data/15162938/fileData.do | I76: 화평법 산업계 도움센터에 연결된 유해성 정보 공개 시스템은 화학물질의 유해성 정보를 공개하기 위한 서비스로 물질명, CAS 번호 등을 이용하여 대상 물지르이 정보를 검색할 수 있다. 화학물질의 유해성 정보를 제공함과 동시에 해당 정보의 출처에 관한 정보를 함께 관리하고
A77: 02 화학물질·MSDS·화학사고 | B77: ★ | C77: 파일데이터 | D77: 한국환경산업기술원_유해물질 비상대응 핸드북 | E77: 한국환경산업기술원 | F77: PDF | G77: 2025-07-23 | H77: https://www.data.go.kr/data/15083811/fileData.do | I77: 본 핸드북은 유해물질 사고 발생 시 현장 대응을 위한 종합 지침을 제공하는 공공데이터입니다. 현장 접근 전 안전 주의사항, 그림문자 및 UN 번호 판독 방법, 현지 비상 연락망 작성 양식, 위험 등급 분류 체계, 초기 이격·방호 활동 거리표, 물질유형별 비상대응 지침,
A78: 02 화학물질·MSDS·화학사고 | C78: 오픈API | D78: 행정안전부_공유플랫폼_화학사고대피장소 | E78: 행정안전부 | F78: JSON | G78: 2025-05-26 | H78: https://www.data.go.kr/data/15139645/openapi.do | I78: 행정안전부에서 운영하는 재난안전데이터 공유플랫폼(https://www.safetydata.go.kr)에서 제공하는 화학사고 대피장소 정보로, 시도명, 시군구명, 대피시설순번, 시설구분
A79: 02 화학물질·MSDS·화학사고 | C79: 오픈API | D79: 행정안전부_유해화학물질취급시설안전점검결과 | E79: 행정안전부 | F79: JSON | G79: 2025-11-21 | H79: https://www.data.go.kr/data/15153441/openapi.do | I79: . - 해당 데이터는 행정안전부에서 제공하는 유해화학물질취급시설안전점검결과 정보입니다.'
A80: 02 화학물질·MSDS·화학사고 | C80: 오픈API | D80: 행정안전부_유해화학시설-폐기물처리시설 | E80: 행정안전부 | F80: WMS | G80: 2025-11-19 | H80: https://www.data.go.kr/data/15101916/openapi.do | I80: - 지역별 폐기물처리시설 업체 수를 표시한 정보입니다. - 지도상의 심벌을 클릭하시면 상세정보(업체수)를 확인할 수 있습니다.
A81: 02 화학물질·MSDS·화학사고 | C81: 오픈API | D81: 행정안전부_유해화학시설-환경배출시설 | E81: 행정안전부 | F81: WMS | G81: 2025-11-19 | H81: https://www.data.go.kr/data/15101922/openapi.do | I81: - 지역별 환경배출시설 업체 수를 표시한 정보입니다. - 지도상의 심벌을 클릭하시면 상세정보(업체수)를 확인할 수 있습니다.
A82: 02 화학물질·MSDS·화학사고 | C82: 오픈API | D82: 행정안전부_유해화학시설통계-폐기물처리시설 | E82: 행정안전부 | F82: WMS | G82: 2025-11-19 | H82: https://www.data.go.kr/data/15101918/openapi.do | I82: - 폐기물처리시설 위치를 표시한 정보입니다. - 지도상의 심벌을 클릭하시면 상세정보(업체명,업종,도로명주소)를 확인할 수 있습니다.
A83: 02 화학물질·MSDS·화학사고 | C83: 오픈API | D83: 행정안전부_유해화학시설통계-환경배출시설 | E83: 행정안전부 | F83: WMS | G83: 2025-11-19 | H83: https://www.data.go.kr/data/15101924/openapi.do | I83: . * 종류( 사업장의 규모별 구분(제44조제2항 관련) ) 제1종 사업장 : 1일 폐수배출량이 2,000㎥ 이상인 사업장 제2종 사업장 : 1일 폐수배출량이 700㎥ 이상, 2,000
A84: 02 화학물질·MSDS·화학사고 | C84: 파일데이터 | D84: 국토교통부_위험물질별 지역간 이동량 | E84: 국토교통부 | F84: CSV | G84: 2026-05-13 | H84: https://www.data.go.kr/data/15112173/fileData.do | I84: 이 데이터는 휘발유·석유 등 위험물, 유해화학물질, 고압가스, 지정폐기물 등 각 법령에서 정한 기준 이상( 휘발유, 경유, 등유 등 1만 리터 이상, 유해화학물질 5톤 이상 등)의
A85: 02 화학물질·MSDS·화학사고 | C85: 파일데이터 | D85: 기후에너지환경부_책임보험_사고대비 물질 정보 | E85: 기후에너지환경부 | F85: CSV | G85: 2025-08-14 | H85: https://www.data.go.kr/data/15145921/fileData.do | I85: 환경책임보험 업무에서는 사업장에서 취급하는 사고물질에 대한 관리가 매우 중요합니다. 이를 위해 일련번호를 통해 각 물질 정보를 고유하게 식별하고, 사고물질명과 카스번호를 통해 국제적으로 통용되는 화학물질 정보를 기록합니다. 적용내용에는 해당 물질이 법령이나 안전기준상
A86: 02 화학물질·MSDS·화학사고 | C86: 파일데이터 | D86: 기후에너지환경부_책임보험_화학물질시설 상세 | E86: 기후에너지환경부 | F86: CSV | G86: 2025-09-04 | H86: https://www.data.go.kr/data/15146860/fileData.do | I86: 환경책임보험의 화학물질시설 상세정보는 해당 시설의 특성과 안전관리 현황을 종합적으로 기록한다. 먼저, 매체시설코드를 통해 시설의 구체적인 유형을 식별하며, 화학물질취급업종분류코드로 취급 업종을 구분한다. 시설에서 사고대비물질을 취급하는지 여부와 그 지정수량 대비 합계,
A87: 02 화학물질·MSDS·화학사고 | C87: 파일데이터 | D87: 기후에너지환경부 국립환경과학원_특정수질유해물질 사업장 별 폐수처리 형태 현황 정보 | E87: 기후에너지환경부 국립환경과학원 | F87: CSV | G87: 2026-09-29 | H87: https://www.data.go.kr/data/15166910/fileData.do | I87: 기후에너지환경부 국립환경과학원에서 제공하는 ‘특정수질유해물질 배출량조사’ 데이터는 전국의 폐수처리 현황을 체계적으로 파악하기 위해 수집된 자료입니다.
A88: 02 화학물질·MSDS·화학사고 | C88: 파일데이터 | D88: 기후에너지환경부 국립환경과학원_특정수질유해물질배출량조사시스템_공유공개데이터 | E88: 기후에너지환경부 국립환경과학원 | F88: CSV | G88: 2025-08-20 | H88: https://www.data.go.kr/data/15123878/fileData.do | I88: 특정수질유해물질 배출량 조사제도는 폐수배출시설 설치 허가를 받아 특정수질유해물질을 배출하는 사업장이 해당물질 배출량을 조사하여 제출하고, 환경부에서 이를 확인, 검증하여 일반에 공개하는 제도로 사업자가 자발적으로 배출량을 잘 관리하여 저감할 수 있도록 하는것을 목적으로
A89: 02 화학물질·MSDS·화학사고 | C89: 파일데이터 | D89: 기후에너지환경부 화학물질안전원_화학 사고 정보 | E89: 기후에너지환경부 화학물질안전원 | F89: CSV | G89: 2025-11-20 | H89: https://www.data.go.kr/data/15069200/fileData.do | I89: 정보 제공의 목적은 전국적으로 발생하는 화학사고의 발생 현황, 원인, 물질 종류, 피해 규모 등의 정보를 체계적으로 수집·분석하여 이를 국민과 관련 기관에 투명하게 공개함으로써 국민의
... A106: 02 화학물질·MSDS·화학사고 | C106: 파일데이터 | D106: 한국환경산업기술원_화학제품관리시스템_신고대상 안전확인대상 생활화학제품 신고증명서 발급 현황 | E106: 한국환경산업기술원 | F106: CSV | G106: 2026-07-28 | H106: https://www.data.go.kr/data/15105295/fileData.do | I106: 모니터링, 제형별 발급 통계 분석, 변경 신고 이력 관리, 수입 제품 안전성 추적, 정책 성과 평가, 신고 시스템 개선 방안 도출, 내부 감사 및 보고서 작성, API 자동화 연동, 산업별
A107: 03 작업환경·보건관리·건강진단 | B107: ★ | C107: 오픈API | D107: 한국산업안전보건공단_업무상 질병사례 게시판 조회서비스 | E107: 한국산업안전보건공단 | F107: JSON | G107: 2026-09-08 | H107: https://www.data.go.kr/data/15163160/openapi.do | I107: 한국산업안전보건공단에서 제공하는 업무상 질병 및 직업성 질병 관련 사고사례 정보를 제공하는 API입니다.
A108: 03 작업환경·보건관리·건강진단 | B108: ★ | C108: 파일데이터 | D108: 고용노동부 보건관리전문기관 현황 | E108: 고용노동부 | F108: XLSX | G108: 2026-09-17 | H108: https://www.data.go.kr/data/15002436/fileData.do | I108: 산업안전보건법 제18조제5항에 따라 지방고용노동청장으로부터 지정받은 보건관리전문기관 현황('25.6.4.기준) - 고용노동부 노동포털 -> 노동행정정보-> 고용부 지정전문기관 현황에서
A109: 03 작업환경·보건관리·건강진단 | B109: ★ | C109: 파일데이터 | D109: 고용노동부_보건관리자 선임 현황 | E109: 고용노동부 | F109: CSV | G109: 2025-07-09 | H109: https://www.data.go.kr/data/15036535/fileData.do | I109: 산업안전보건법 제18조에 따라 선임하여야 하는 업종별, 자격별 제조업 및 건설업 보건관리자 선임현황(2024년) 해임신고 의무가 없어 선택적으로 해임신고한 경우 보건관리자 선임대상에서 제외함('25.4.29.부터 해임신고 의무화) 보건관리자 자격은 산업안전보건법 시행령
A110: 03 작업환경·보건관리·건강진단 | B110: ★ | C110: 파일데이터 | D110: 고용노동부_석면조사기관 지정현황 | E110: 고용노동부 | F110: XLSX | G110: 2025-08-29 | H110: https://www.data.go.kr/data/15068766/fileData.do | I110: 산업안전보건법 제120조에 따라 지방고용노동청장에게 지정을 신청하여 지정된 석면조사기관 지정 현황을 제공합니다. - 검색조건(기관종류 -> 석면조사기관)을 선택하여 검색하시기 바랍니다
A111: 03 작업환경·보건관리·건강진단 | B111: ★ | C111: 파일데이터 | D111: 고용노동부_석면해체제거업자 등록현황 | E111: 고용노동부 | F111: XLSX | G111: 2025-08-29 | H111: https://www.data.go.kr/data/15002428/fileData.do | I111: 산업안전보건법 제121조에 따라 지방고용노동관서의 장에게 등록을 신청하여 등록된 석면해체제거업체 현황 자료를 제공합니다. - 검색조건(기관종류 -> 석면해체제거업자)을 선택하여 검색하시기
A112: 03 작업환경·보건관리·건강진단 | B112: ★ | C112: 파일데이터 | D112: 고용노동부_작업환경측정 정보 | E112: 고용노동부 | F112: HWP | G112: 2026-03-19 | H112: https://www.data.go.kr/data/15029796/fileData.do | I112: 사업장의 작업환경(소음,물질 등)을 측정하고 그에 따른 '24년도 작업환경측정 실시 결과보고서를 제공합니다. -최근 5년간('20~'24년) 작업환경측경 추이 -'24년 작업환경측정 결과 분석 - '24년 작업환경측정 결과 요약 - 부록(작업환경측정 결과 통계 개요,
A113: 03 작업환경·보건관리·건강진단 | B113: ★ | C113: 파일데이터 | D113: 고용노동부_작업환경측정기관 지정 정보 | E113: 고용노동부 | F113: XLSX | G113: 2025-08-29 | H113: https://www.data.go.kr/data/15002418/fileData.do | I113: 산업안전보건법 제126조에 따라 지방고용노동관서의 장으로부터 지정을 받은 작업환경측정기관 지정 현황을 제공합니다. - 검색조건(기관종류 -> 작업환경측정기관)을 선택하여 검색하시기
A114: 03 작업환경·보건관리·건강진단 | B114: ★ | C114: 파일데이터 | D114: 고용노동부_특수건강진단기관 지정현황 | E114: 고용노동부 | F114: XLSX | G114: 2026-09-01 | H114: https://www.data.go.kr/data/15068767/fileData.do | I114: 매년 공표되는 특수건강진단기관 지정현황 산업보건정책과에서 게시한 산업안전보건법 제135조 및 같은 법 시행규칙 제211조 따라 지정받은 특수건강진단 기관 현황입니다. 특수건강진단기관은 특수건강진단 대상 유해인자 총 181종(유기화합물, 금속류, 산 알카리류, 가스상물질
A115: 03 작업환경·보건관리·건강진단 | B115: ★ | C115: 파일데이터 | D115: 한국산업안전보건공단_건강진단 요관찰자 유소견자 현황 정보 | E115: 한국산업안전보건공단 | F115: CSV | G115: 2026-09-30 | H115: https://www.data.go.kr/data/15091893/fileData.do | I115: 한국산업안전보건공단에서 제공하는 건강진단(임시건강진단, 특수건강검진)에 관한 데이터로 요관찰자, 유소견자들의 통계 결과를 제공합니다.
A116: 03 작업환경·보건관리·건강진단 | B116: ★ | C116: 파일데이터 | D116: 한국산업안전보건공단_작업환경측정_규모별 측정 실시 및 초과 사업장 현황 | E116: 한국산업안전보건공단 | F116: CSV | G116: 2026-09-30 | H116: https://www.data.go.kr/data/15091876/fileData.do | I116: 한국산업안전보건공단에서 실시하는 작업환경측정 사업에 대한 결과보고서 내용으로 규모별 측정 실시 및 초과 사업장 현황에 대한 내용을 제공합니다.
A117: 03 작업환경·보건관리·건강진단 | B117: ★ | C117: 파일데이터 | D117: 한국산업안전보건공단_작업환경측정_업종별 유해인자별 실시 및 초과 사업장 통계 | E117: 한국산업안전보건공단 | F117: CSV | G117: 2026-09-30 | H117: https://www.data.go.kr/data/15091903/fileData.do | I117: 한국산업안전보건공단에서 제공하는 작업환경측정 결과 데이터로 업종별 유해인자(물리적, 화학적인자 등)별 실시 및 초과 사업장에 대한 정보를 제공합니다.
A118: 03 작업환경·보건관리·건강진단 | B118: ★ | C118: 파일데이터 | D118: 한국산업안전보건공단_작업환경측정_업종별 측정 실시 및 초과 사업장 현황 | E118: 한국산업안전보건공단 | F118: CSV | G118: 2026-09-30 | H118: https://www.data.go.kr/data/15091873/fileData.do | I118: 한국산업안전보건공단에서 실시하는 작업환경측정 사업에 대한 업종별 측정 실시 결과보고서 데이터로 실시 및 초과 사업장 현황에 대한 칼럼를 제공합니다.
... A121: 03 작업환경·보건관리·건강진단 | B121: ★ | C121: 파일데이터 | D121: 한국산업안전보건공단_특수건강진단 직업병의 요관찰자 및 유소견자 통계 | E121: 한국산업안전보건공단 | F121: CSV | G121: 2026-09-30 | H121: https://www.data.go.kr/data/15091899/fileData.do | I121: 한국산업안전보건공단에서 실시하는 특수건강진단에 대한 데이터로 직업병요관찰자 및 유소견자의 질병에 대한 통계 분석 자료를 제공합니다.
A122: 03 작업환경·보건관리·건강진단 | C122: 오픈API | D122: 한국산업안전보건공단_업무상 질병사례 게시판 첨부파일 조회서비스 | E122: 한국산업안전보건공단 | F122: JSON | G122: 2026-09-08 | H122: https://www.data.go.kr/data/15163166/openapi.do | I122: 한국산업안전보건공단 산업안전포털에서 제공하는 업무상 질병사례 게시물에 등록된 첨부파일 정보를 조회하기 위한 서비스입니다.
A123: 03 작업환경·보건관리·건강진단 | C123: 오픈API | D123: 한국환경공단_다중이용시설 실내공기질 자동측정망 실시간정보 | E123: 한국환경공단 | F123: XML | G123: 2025-07-09 | H123: https://www.data.go.kr/data/15038044/openapi.do | I123: 환경부에서 운영중인 다중이용시설 실내공기질 자동측정망의 실시간정보를 제공 실내공기질 자동측정망 구축, 운영으로 정책 수립 기초자료를 확보하고 이를 통한 과학적인 실내공기질 저감 방안 마련을 위한 목적으로 사용
A124: 03 작업환경·보건관리·건강진단 | C124: 오픈API | D124: 한국환경공단_지하역사 실내공기질 자동측정망 실시간 측정데이터 초미세먼지 정보 | E124: 한국환경공단 | F124: XML+JSON | G124: 2026-05-07 | H124: https://www.data.go.kr/data/15159322/openapi.do | I124: - 전국 지하역사의 실내공기질 실시간 초미세먼지 정보 개방하고 있습니다. - 2021년 4월 1일부터 지하역사의 초미세먼지 농도를 측정하고 공개하도록 법이 시행되면서 시민들이 평소에 이용하는 지하역사의 초미세먼지 농도를 실시간으로 확인할 수 있는 정보를 제공하고 있습니
A125: 03 작업환경·보건관리·건강진단 | C125: 오픈API | D125: 한국환경공단_지하역사 실내공기질 자동측정망 측정데이터 초미세먼지 월별 확정 정보 | E125: 한국환경공단 | F125: XML+JSON | G125: 2026-04-29 | H125: https://www.data.go.kr/data/15125024/openapi.do | I125: - 전국 지하역사의 실내공기질 자동측정망으로부터 수집된 초미세먼지 월별 확정 정보를 개방하고 있습니다. - 측정장비의 동작불량, 점검 등에 따른 이상 측정값을 선별하여 제외하고, 정상적으로 측정된 측정값을 확정한 자료입니다. - 2021년 4월 1일부터 지하역사의 초미
A126: 03 작업환경·보건관리·건강진단 | C126: 파일데이터 | D126: 고용노동부_근로자 건강센터 현황 | E126: 고용노동부 | F126: CSV | G126: 2026-06-29 | H126: https://www.data.go.kr/data/15002433/fileData.do | I126: 고혈압, 당뇨, 비만 등 기초질환자 및 업무상 질병 초기 증상자 대상 건강관리를 위한 건강행동변화 유도, 특수건강진단 결과 직업병 유소견자 보유사업장 대상 건강상담 등 사후관리지원, 취약계층 특화사업 추진, 산재 트라우마 극복 지원 등 보건관리가 취약한 50인 미만 소
A127: 03 작업환경·보건관리·건강진단 | C127: 파일데이터 | D127: 고용노동부_근로자 건강증진활동 관련 민간전문기관 현황 | E127: 고용노동부 | F127: CSV | G127: 2026-08-26 | H127: https://www.data.go.kr/data/15068768/fileData.do | I127: 고용노동부 산업안전보건본부 직업건강증진팀에서 매년 공표하는 근로자 건강증진활동 관련 민간 전문기관 현황입니다.
A128: 03 작업환경·보건관리·건강진단 | C128: 파일데이터 | D128: 고용노동부_진폐건강진단기관 현황 | E128: 고용노동부 | F128: CSV | G128: 2026-06-29 | H128: https://www.data.go.kr/data/15105998/fileData.do | I128: 예방과 진폐근로자의 보호 등에 관한 법률 제15조(건강진단기관)에 의하면 법 제10조부터 제13조까지의 규정에 따른 건강진단은 대통령령으로 정하는 인력과 시설을 보유한 의료기관으로서 고용노동부장관의
A129: 03 작업환경·보건관리·건강진단 | C129: 파일데이터 | D129: 근로복지공단_온열질환 산재보험 최초요양 신청 승인 현황 | E129: 근로복지공단 | F129: CSV | G129: 2026-09-16 | H129: https://www.data.go.kr/data/15144293/fileData.do | I129: 근로복지공단에서 제공하는 연도별 온열질환 산재보험 최초요양급여 신청·승인 현황 정보입니다.
A130: 03 작업환경·보건관리·건강진단 | C130: 파일데이터 | D130: 기후에너지환경부 국립환경과학원_전국실내라돈정보_다중이용시설 | E130: 기후에너지환경부 국립환경과학원 | F130: CSV | G130: 2025-05-22 | H130: https://www.data.go.kr/data/15069143/fileData.do | I130: 본 자료는 환경부 '다중이용시설등의 실내 공기질 관리법'에 정의된 17개 시설군을 조사 대상(5개의 유사시설 그룹 재분류함 : 지하시설, 전시시설, 의료시설, 상업시설, 대합실)으로하여
A131: 03 작업환경·보건관리·건강진단 | C131: 파일데이터 | D131: 원자력안전위원회_업종별 방사선작업종사자수 및 피폭방사선량 현황 | E131: 원자력안전위원회 | F131: CSV | G131: 2025-11-14 | H131: https://www.data.go.kr/data/15123546/fileData.do | I131: 원자력발전소 뿐만 아니라 병원, 반도체 공장 등에서 연간 피폭되는 선량을 데이터로 표시했습니다.
A132: 03 작업환경·보건관리·건강진단 | C132: 파일데이터 | D132: 질병관리청_방사선관계종사자 피폭선량 통계 | E132: 질병관리청 | F132: PDF | G132: 2025-12-29 | H132: https://www.data.go.kr/data/15025113/fileData.do | I132: 이 문서는 질병관리청이 제공하는 행정기관의 의료방사선 안전관리 정책 수립과 일선 의료기관의 방사선관계종사자에 대한 피폭관리 등 안전관리를 위한 기초자료로 사용하기 위하여 한 해 동안
A133: 03 작업환경·보건관리·건강진단 | C133: 파일데이터 | D133: 한국산업안전보건공단_국소배기장치 설치 현황 | E133: 한국산업안전보건공단 | F133: CSV | G133: 2026-09-30 | H133: https://www.data.go.kr/data/15088413/fileData.do | I133: 한국산업안전보건공단에서 제공하는 직업건강에 대한 데이터로 국소배기장치 설치현황에 대한 내용입니다.
... A141: 03 작업환경·보건관리·건강진단 | C141: 파일데이터 | D141: 한국환경산업기술원_환경유해인자및질환정보 | E141: 한국환경산업기술원 | F141: CSV | G141: 2026-08-10 | H141: https://www.data.go.kr/data/15089781/fileData.do | I141: 본 데이터는 환경보건종합정보시스템에서 제공하는 환경유해인자 및 이와 관련된 주요 질환 정보를 망라한 공공데이터입니다.
A142: 04 산업재해 통계·사고사례 | B142: ★ | C142: 오픈API | D142: 국토안전관리원_사고사례 정보조회 서비스 | E142: 국토안전관리원 | F142: XML+JSON | G142: 2022-10-05 | H142: https://www.data.go.kr/data/15053339/openapi.do | I142: 시설물의 사고에 대한 상세 자료(시설물명, 종류, 위치, 시설물형식, 사고일자, 사고발생부위, 사고원인, 사고 내용 등)에 대한 데이터
A143: 04 산업재해 통계·사고사례 | B143: ★ | C143: 오픈API | D143: 한국산업안전보건공단_국내재해사례 게시판 정보 조회서비스 | E143: 한국산업안전보건공단 | F143: JSON | G143: 2026-08-28 | H143: https://www.data.go.kr/data/15121001/openapi.do | I143: 산언안전포털 홈페이지(https://portal.kosha.or.kr)에서 제공 중인 국내재해사례 게시판 정보를 실시간으로 조회하실 수 있도록 제공하는 데이터입니다. ■ API 관련
A144: 04 산업재해 통계·사고사례 | B144: ★ | C144: 오픈API | D144: 한국산업안전보건공단_사고사망 게시판 정보 조회서비스 | E144: 한국산업안전보건공단 | F144: JSON | G144: 2026-08-12 | H144: https://www.data.go.kr/data/15119137/openapi.do | I144: 한국산업안전보건공단 홈페이지에서 제공 중인 사고사망 게시판 정보를 실시간으로 조회하실 수 있도록 제공하는 데이터입니다.
A145: 04 산업재해 통계·사고사례 | B145: ★ | C145: 오픈API | D145: 한국산업안전보건공단_사망사고 고위험요인(SIF) 아카이브 조회서비스 | E145: 한국산업안전보건공단 | F145: JSON | G145: 2026-09-21 | H145: https://www.data.go.kr/data/15161362/openapi.do | I145: 한국산업안전보건공단이 제공하는 “사망사고 고위험요인(SIF) 아카이브 조회서비스”는 국내 산업현장에서 발생한 사망·중상해 사례를 고위험작업·상황(Potential) 및 재해유발요인(
A146: 04 산업재해 통계·사고사례 | B146: ★ | C146: 파일데이터 | D146: 고용노동부_산업재해 사고정보_예방 조치 데이터 | E146: 고용노동부 | F146: CSV | G146: 2026-09-28 | H146: https://www.data.go.kr/data/15162988/fileData.do | I146: 고용노동부는 국민의 알 권리 보장 및 산업 현장의 동종·유사재해 예방을 위해 전문 기관에서 작성한 재해조사보고서를 공개하고 있습니다.
A147: 04 산업재해 통계·사고사례 | B147: ★ | C147: 파일데이터 | D147: 고용노동부_산업재해현황 | E147: 고용노동부 | F147: CSV | G147: 2026-09-21 | H147: https://www.data.go.kr/data/15002274/fileData.do | I147: 산업안전보건정책과에서 게시하는 책자를 참고하여 2025년의 지방관서별 산업재해 재해자수와 사망자수로 나누어 나열하였습니다.
A148: 04 산업재해 통계·사고사례 | B148: ★ | C148: 파일데이터 | D148: 국토안전관리원_건설안전사고사례 | E148: 국토안전관리원 | F148: CSV | G148: 2026-09-15 | H148: https://www.data.go.kr/data/15108262/fileData.do | I148: 국토안전관리원에서 제공하는 민간,공공시설물 분류별 인적사고(성별 사망자, 부상자, 내외국인 사망자, 부상자, 연령별 사망자 부상자), 사고객체, 피해현황(금액, 내용), 조치계획과
A149: 04 산업재해 통계·사고사례 | B149: ★ | C149: 파일데이터 | D149: 한국가스안전공사_가스사고 사례 | E149: 한국가스안전공사 | F149: HWPX | G149: 2026-07-21 | H149: https://www.data.go.kr/data/15160441/fileData.do | I149: 한국가스안전공사에서 수집·관리하는 국내 가스사고 사례 정보입니다.
A150: 04 산업재해 통계·사고사례 | B150: ★ | C150: 파일데이터 | D150: 한국산업안전보건공단_건설재해예방전문지도기관 평가 결과 | E150: 한국산업안전보건공단 | F150: CSV | G150: 2026-09-30 | H150: https://www.data.go.kr/data/15092503/fileData.do | I150: 평가목적: 중·소규모 건설현장의 기술지도를 담당하는 재해예방 전문지도기관의 업무수행능력을 평가하고 그 결과를 반영하여 차등 관리함으로써 중․소규모 건설현장에 대한 안전보건서비스 수준
A151: 04 산업재해 통계·사고사례 | B151: ★ | C151: 파일데이터 | D151: 한국산업안전보건공단_산업재해통계 마이크로 데이터 | E151: 한국산업안전보건공단 | F151: XLSX | G151: 2026-09-30 | H151: https://www.data.go.kr/data/15127634/fileData.do | I151: - 한국산업안전보건공단에서 제공하는 산업재해통계(재해자, 사망자) 마이크로 데이터 자료입니다. (2017년~2025년) - 재해자구분, 대업종, 중업종, 발생형태, 규모, 성별, 연령대
A152: 04 산업재해 통계·사고사례 | B152: ★ | C152: 파일데이터 | D152: 한국산업안전보건공단_중대산업사고 발생현황 | E152: 한국산업안전보건공단 | F152: CSV | G152: 2026-09-30 | H152: https://www.data.go.kr/data/15087461/fileData.do | I152: 한국산업안전보건공단에서 제공하는 중대재해 발생현황 데이터로 발생연도, 센터, 고용부관서, 발생일자에 대한 정보를 제공합니다.
A153: 04 산업재해 통계·사고사례 | B153: ★ | C153: 파일데이터 | D153: 한국산업안전보건공단_중대재해 현황(재해조사보고서) | E153: 한국산업안전보건공단 | F153: PDF | G153: 2026-09-04 | H153: https://www.data.go.kr/data/15161372/fileData.do | I153: 재해조사보고서는 사업장의 「산업안전보건법」등 안전보건 관계 법령상 의무 여부와 관계없이 재해의 기술·구조적 원인 규명을 목적으로 작성하였으며, 사업주 등의 법령 위반 여부와 관련한
... A155: 04 산업재해 통계·사고사례 | B155: ★ | C155: 파일데이터 | D155: 한국전기안전공사_전기재해 현황 | E155: 한국전기안전공사 | F155: CSV | G155: 2026-09-07 | H155: https://www.data.go.kr/data/15001361/fileData.do | I155: 한국전기안전공사는 감전재해 감축을 위해 올바른 정책 방향의 기초 데이터를 제시하고 감전 재해의 발생추이를 분석하여 예방 대책을 도출하기 위해 매년 전기재해 통계분석집을 발간하고 있습니다
A156: 04 산업재해 통계·사고사례 | C156: 오픈API | D156: 소방청_지역별 화재피해 현황 | E156: 소방청 | F156: XML+JSON | G156: 2025-04-14 | H156: https://www.data.go.kr/data/15142972/openapi.do | I156: 소방청에서 화재 조사가 완료된 화재 현황에 대해 화재발생일자, 출동소방서, 인적 피해 현황(사망, 부상), 금전적 피해 현황 및 주소(읍, 면, 동까지)를 Open API 형식으로
A157: 04 산업재해 통계·사고사례 | C157: 오픈API | D157: 소방청_화재정보서비스 | E157: 소방청 | F157: XML+JSON | G157: 2026-03-31 | H157: https://www.data.go.kr/data/15077644/openapi.do | I157: 소방청 국가화재정보 통계 서비스 조회 날짜를 이용하여 소방 관서 별, 시도 단위, 시도 별, 화재 장소 별, 발화 요인 별, 발화 지점 별, 발화 장소 별, 건물 구조 별, 지역 별
A158: 04 산업재해 통계·사고사례 | C158: 오픈API | D158: 한국산업안전보건공단_국내재해사례 게시판 첨부파일 정보 조회서비스 | E158: 한국산업안전보건공단 | F158: JSON | G158: 2026-08-28 | H158: https://www.data.go.kr/data/15121008/openapi.do | I158: 산언안전포털 홈페이지(https://portal.kosha.or.kr)에서 제공 중인 국내재해사례 게시판 첨부파일 정보를 실시간으로 조회하실 수 있도록 제공하는 데이터입니다.
A159: 04 산업재해 통계·사고사례 | C159: 오픈API | D159: 한국승강기안전공단_(신)승강기사고및고장이력 조회 서비스 | E159: 한국승강기안전공단 | F159: XML | G159: 2025-11-06 | H159: https://www.data.go.kr/data/15151169/openapi.do | I159: 승강기사고및고장이력 서비스로 승강기고유번호, 건물명, 건물주소1, 건물주소2, 시도명, 시군구명, 승강기호기, 승강기구분, 승강기형식, 승강기세부형식, 승강기종류, 설치장소, 운행층수
A160: 04 산업재해 통계·사고사례 | C160: 오픈API | D160: 한국승강기안전공단_사고및고장승강기이력 조회 서비스 | E160: 한국승강기안전공단 | F160: XML | G160: 2025-11-06 | H160: https://www.data.go.kr/data/15151196/openapi.do | I160: 사고고장승강기이력 서비스로 사고날짜, 승강기관리번호1, 승강기관리번호2, 고장/사고 구분, 사고번호, 결과, 사고유형, 소재지1, 소재지2, 건물명, 원인을 승강기고유번호를 필수로
A161: 04 산업재해 통계·사고사례 | C161: 오픈API | D161: 행정안전부_가스사고발생이력 | E161: 행정안전부 | F161: JSON | G161: 2025-09-25 | H161: https://www.data.go.kr/data/15150642/openapi.do | I161: 행정안전부에서는 「재난 및 안전관리 기본법」에 따라 데이터 기반 재난 및 안전관리체제 확립 및 재난안전데이터 수집·연계·분석·활용·공유·공개를 위하여 재난안전데이터통합관리시스템인 '
A162: 04 산업재해 통계·사고사례 | C162: 오픈API | D162: 행정안전부_산업및사망재해통계 | E162: 행정안전부 | F162: JSON | G162: 2025-11-21 | H162: https://www.data.go.kr/data/15153351/openapi.do | I162: '행정안전부에서는 「재난 및 안전관리 기본법」에 따라 데이터 기반 재난 및 안전관리체제 확립 및 재난안전데이터 수집·연계·분석·활용·공유·공개를 위하여 재난안전데이터통합관리시스템인
A163: 04 산업재해 통계·사고사례 | C163: 오픈API | D163: 행정안전부_생활안전지도 사망재해수(전체) | E163: 행정안전부 | F163: WMS | G163: 2025-11-19 | H163: https://www.data.go.kr/data/15101882/openapi.do | I163: 행정안전부에서 운영하는 생활안전지도 (https://www.safemap.go.kr)에서 제공하는 산업재해로 관할청 별 1년 간의 산업 재해 발생 건수를 표시한 정보입니다.
A164: 04 산업재해 통계·사고사례 | C164: 오픈API | D164: 행정안전부_생활안전지도 산업재해수(전체) | E164: 행정안전부 | F164: WMS | G164: 2025-11-19 | H164: https://www.data.go.kr/data/15101879/openapi.do | I164: 행정안전부에서 운영하는 생활안전지도 (https://www.safemap.go.kr)에서 제공하는 산업재해로 관할청 별 1년 간의 산업 재해 발생 건수를 표시한 정보입니다.
A165: 04 산업재해 통계·사고사례 | C165: 파일데이터 | D165: 고용노동부_건설업 사고사망만인율_정보 | E165: 고용노동부 | F165: CSV | G165: 2026-06-08 | H165: https://www.data.go.kr/data/15040937/fileData.do | I165: 전업종 업무상 사고사망만인율, 사고사망자수 및 건설업종의 업무상 사고사망만인율, 사고사망자수, 추락사고사망자수
A166: 04 산업재해 통계·사고사례 | C166: 파일데이터 | D166: 고용노동부_사고재해자 개별자료 | E166: 고용노동부 | F166: CSV | G166: 2025-09-18 | H166: https://www.data.go.kr/data/15117558/fileData.do | I166: 근로복지공단의 산재보상 승인자료를 활용하여 발생 연도가 아닌 '승인 연도 기준'으로 산출한 '2022년 사고재해자 개별자료'임. 동 자료에는 전체 재해자 중 질병 재해자를 제외한 사고재해자를 기준으로 작성한 것임 - 2022년도 승인된 사고재해자의 성별, 연령대, 근속
...

Sheet 핵심(★)
A1: 분야 | B1: ★ | C1: 유형 | D1: 데이터명 | E1: 제공기관 | F1: 형식 | G1: 수정일 | H1: 링크 | I1: 설명(포털 요약)
A2: 01 법령·질의회시·Q&A·해석 | B2: ★ | C2: 오픈API | D2: 국민권익위원회_민원정책 질의응답조회서비스 | E2: 국민권익위원회 | F2: JSON | G2: 2026-09-23 | H2: https://www.data.go.kr/data/15074671/openapi.do | I2: 국민권익위원회는 민원정책에 대한 질의응답 데이터를 공개하여 공공 및 민간의 행정 연구에 활용할 수 있도록 지원하고 있습니다.
A3: 01 법령·질의회시·Q&A·해석 | B3: ★ | C3: 오픈API | D3: 근로복지공단_산재보험 판례 판결문 조회 서비스 | E3: 근로복지공단 | F3: XML | G3: 2026-01-12 | H3: https://www.data.go.kr/data/15041878/openapi.do | I3: 본 API로는 근로복지공단이 보유하고 있는 방대한 산재보험 관련 판례 판결문을 조회 할 수 있습니다.
A4: 01 법령·질의회시·Q&A·해석 | B4: ★ | C4: 오픈API | D4: 법제처_고용노동부 법령해석 목록 조회 | E4: 법제처 | F4: XML+JSON | G4: 2025-07-03 | H4: https://www.data.go.kr/data/15140236/openapi.do | I4: 본 서비스는 근로기준법, 산업안전보건법, 고용정책기본법 등 노동 관련 법령에 대해 고용노동부가 법제처에 질의한 사례들을 목록 형태로 제공합니다.
A5: 01 법령·질의회시·Q&A·해석 | B5: ★ | C5: 오픈API | D5: 법제처_고용노동부 법령해석 본문 조회 | E5: 법제처 | F5: XML+JSON | G5: 2025-07-03 | H5: https://www.data.go.kr/data/15140237/openapi.do | I5: 본 서비스는 근로기준법, 산업안전보건법, 고용정책기본법 등 고용노동부 관할 법령에 대한 질의에 대해 법제처가 회신한 해석 내용을 본문 형태로 제공합니다.
A6: 01 법령·질의회시·Q&A·해석 | B6: ★ | C6: 오픈API | D6: 법제처_법령해석례 목록 조회 | E6: 법제처 | F6: XML | G6: 2025-07-08 | H6: https://www.data.go.kr/data/15059136/openapi.do | I6: 본 데이터는 법제처에서 제공하는 법령 해석 사례의 목록 정보를 포함하고 있습니다.
A7: 01 법령·질의회시·Q&A·해석 | B7: ★ | C7: 오픈API | D7: 법제처_소방청 법령해석 목록 조회 | E7: 법제처 | F7: XML+JSON | G7: 2025-11-25 | H7: https://www.data.go.kr/data/15153132/openapi.do | I7: 법제처 국가법령정보센터에서 제공하는 소방청 법령해석 데이터로, 법령해석에 대한 목록 정보를 조회하는 서비스입니다. 본 서비스는 소방청 소관 법령 질의 및 해석 사례를 목록 형태로 제공하며, 해석일련번호, 안건명, 해석기관명, 해석일자 등의 기본 정보가 포함됩니다. 사용
A8: 01 법령·질의회시·Q&A·해석 | B8: ★ | C8: 오픈API | D8: 법제처_소방청 법령해석 본문 조회 | E8: 법제처 | F8: XML+JSON | G8: 2025-11-25 | H8: https://www.data.go.kr/data/15153134/openapi.do | I8: 본 서비스는 소방청 소관 법령 질의에 대한 법제처의 회신 내용을 본문 형태로 제공하며, 해석일련번호, 안건명, 해석일자, 기관정보, 질의요지, 회답, 이유, 관련법령 등의 항목으로
A9: 01 법령·질의회시·Q&A·해석 | B9: ★ | C9: 오픈API | D9: 법제처_행정규칙 목록 조회 | E9: 법제처 | F9: XML | G9: 2025-07-10 | H9: https://www.data.go.kr/data/15057542/openapi.do | I9: 법제처에서 제공하는 행정규칙 목록 조회 서비스 데이터입니다. 행정규칙의 일련번호, 규칙명, 소관부처, 제정·개정일자, 시행일자, 규칙코드, 행정분야 구분 등의 항목을 체계적으로 확인할 수 있습니다. 규칙명, 부처명, 규칙코드 등을 파라미터로 지정하여 원하는 목록을 선택
A10: 01 법령·질의회시·Q&A·해석 | B10: ★ | C10: 오픈API | D10: 법제처_현행법령 본문 조회 | E10: 법제처 | F10: XML | G10: 2025-07-10 | H10: https://www.data.go.kr/data/15057358/openapi.do | I10: 법제처에서 제공하는 현행법령 본문 조회 서비스 데이터입니다. 해당 데이터는 현재 효력이 발생 중인 법령의 본문을 조문 단위로 상세히 제공합니다.
A11: 01 법령·질의회시·Q&A·해석 | B11: ★ | C11: 오픈API | D11: 법제처_환경부 법령해석 목록 조회 | E11: 법제처 | F11: XML+JSON | G11: 2025-07-03 | H11: https://www.data.go.kr/data/15140241/openapi.do | I11: 제공되는 데이터는 대기질, 수질, 폐기물, 화학물질 관리 등 주요 환경 정책과 관련된 행정 해석 사례를 포괄하고 있습니다.
A12: 01 법령·질의회시·Q&A·해석 | B12: ★ | C12: 오픈API | D12: 법제처_환경부 법령해석 본문 조회 | E12: 법제처 | F12: XML+JSON | G12: 2025-07-03 | H12: https://www.data.go.kr/data/15140310/openapi.do | I12: 본 서비스는 폐기물 처리, 대기환경보전, 수질오염 방지, 화학물질 안전관리 등 환경 분야 전반에 걸쳐 환경부가 질의한 법령 해석에 대한 회신 본문을 제공합니다.
... A115: 12 시설안전(가스·전기·승강기·소방·위험물·건설·방사선) | B115: ★ | C115: 오픈API | D115: 한국승강기안전공단_승강기안전관리자정보 조회 서비스 | E115: 한국승강기안전공단 | F115: XML | G115: 2025-11-06 | H115: https://www.data.go.kr/data/15151199/openapi.do | I115: 승강기안전관리자정보 서비스로 안전관리자선임일, 승강기고유번호, 안전관리자명, 교육 이수일, 교육유효기간종료일, 교육유효기간시작일을 승강기고유번호로 조회할 수 있습니다.

Sheet 오픈API만
A1: 분야 | B1: ★ | C1: 유형 | D1: 데이터명 | E1: 제공기관 | F1: 형식 | G1: 수정일 | H1: 링크 | I1: 설명(포털 요약)
A2: 01 법령·질의회시·Q&A·해석 | B2: ★ | C2: 오픈API | D2: 국민권익위원회_민원정책 질의응답조회서비스 | E2: 국민권익위원회 | F2: JSON | G2: 2026-09-23 | H2: https://www.data.go.kr/data/15074671/openapi.do | I2: 국민권익위원회는 민원정책에 대한 질의응답 데이터를 공개하여 공공 및 민간의 행정 연구에 활용할 수 있도록 지원하고 있습니다.
A3: 01 법령·질의회시·Q&A·해석 | B3: ★ | C3: 오픈API | D3: 근로복지공단_산재보험 판례 판결문 조회 서비스 | E3: 근로복지공단 | F3: XML | G3: 2026-01-12 | H3: https://www.data.go.kr/data/15041878/openapi.do | I3: 본 API로는 근로복지공단이 보유하고 있는 방대한 산재보험 관련 판례 판결문을 조회 할 수 있습니다.
A4: 01 법령·질의회시·Q&A·해석 | B4: ★ | C4: 오픈API | D4: 법제처_고용노동부 법령해석 목록 조회 | E4: 법제처 | F4: XML+JSON | G4: 2025-07-03 | H4: https://www.data.go.kr/data/15140236/openapi.do | I4: 본 서비스는 근로기준법, 산업안전보건법, 고용정책기본법 등 노동 관련 법령에 대해 고용노동부가 법제처에 질의한 사례들을 목록 형태로 제공합니다.
A5: 01 법령·질의회시·Q&A·해석 | B5: ★ | C5: 오픈API | D5: 법제처_고용노동부 법령해석 본문 조회 | E5: 법제처 | F5: XML+JSON | G5: 2025-07-03 | H5: https://www.data.go.kr/data/15140237/openapi.do | I5: 본 서비스는 근로기준법, 산업안전보건법, 고용정책기본법 등 고용노동부 관할 법령에 대한 질의에 대해 법제처가 회신한 해석 내용을 본문 형태로 제공합니다.
A6: 01 법령·질의회시·Q&A·해석 | B6: ★ | C6: 오픈API | D6: 법제처_법령해석례 목록 조회 | E6: 법제처 | F6: XML | G6: 2025-07-08 | H6: https://www.data.go.kr/data/15059136/openapi.do | I6: 본 데이터는 법제처에서 제공하는 법령 해석 사례의 목록 정보를 포함하고 있습니다.
A7: 01 법령·질의회시·Q&A·해석 | B7: ★ | C7: 오픈API | D7: 법제처_소방청 법령해석 목록 조회 | E7: 법제처 | F7: XML+JSON | G7: 2025-11-25 | H7: https://www.data.go.kr/data/15153132/openapi.do | I7: 법제처 국가법령정보센터에서 제공하는 소방청 법령해석 데이터로, 법령해석에 대한 목록 정보를 조회하는 서비스입니다. 본 서비스는 소방청 소관 법령 질의 및 해석 사례를 목록 형태로 제공하며, 해석일련번호, 안건명, 해석기관명, 해석일자 등의 기본 정보가 포함됩니다. 사용
A8: 01 법령·질의회시·Q&A·해석 | B8: ★ | C8: 오픈API | D8: 법제처_소방청 법령해석 본문 조회 | E8: 법제처 | F8: XML+JSON | G8: 2025-11-25 | H8: https://www.data.go.kr/data/15153134/openapi.do | I8: 본 서비스는 소방청 소관 법령 질의에 대한 법제처의 회신 내용을 본문 형태로 제공하며, 해석일련번호, 안건명, 해석일자, 기관정보, 질의요지, 회답, 이유, 관련법령 등의 항목으로
A9: 01 법령·질의회시·Q&A·해석 | B9: ★ | C9: 오픈API | D9: 법제처_행정규칙 목록 조회 | E9: 법제처 | F9: XML | G9: 2025-07-10 | H9: https://www.data.go.kr/data/15057542/openapi.do | I9: 법제처에서 제공하는 행정규칙 목록 조회 서비스 데이터입니다. 행정규칙의 일련번호, 규칙명, 소관부처, 제정·개정일자, 시행일자, 규칙코드, 행정분야 구분 등의 항목을 체계적으로 확인할 수 있습니다. 규칙명, 부처명, 규칙코드 등을 파라미터로 지정하여 원하는 목록을 선택
A10: 01 법령·질의회시·Q&A·해석 | B10: ★ | C10: 오픈API | D10: 법제처_현행법령 본문 조회 | E10: 법제처 | F10: XML | G10: 2025-07-10 | H10: https://www.data.go.kr/data/15057358/openapi.do | I10: 법제처에서 제공하는 현행법령 본문 조회 서비스 데이터입니다. 해당 데이터는 현재 효력이 발생 중인 법령의 본문을 조문 단위로 상세히 제공합니다.
A11: 01 법령·질의회시·Q&A·해석 | B11: ★ | C11: 오픈API | D11: 법제처_환경부 법령해석 목록 조회 | E11: 법제처 | F11: XML+JSON | G11: 2025-07-03 | H11: https://www.data.go.kr/data/15140241/openapi.do | I11: 제공되는 데이터는 대기질, 수질, 폐기물, 화학물질 관리 등 주요 환경 정책과 관련된 행정 해석 사례를 포괄하고 있습니다.
A12: 01 법령·질의회시·Q&A·해석 | B12: ★ | C12: 오픈API | D12: 법제처_환경부 법령해석 본문 조회 | E12: 법제처 | F12: XML+JSON | G12: 2025-07-03 | H12: https://www.data.go.kr/data/15140310/openapi.do | I12: 본 서비스는 폐기물 처리, 대기환경보전, 수질오염 방지, 화학물질 안전관리 등 환경 분야 전반에 걸쳐 환경부가 질의한 법령 해석에 대한 회신 본문을 제공합니다.
... A14: 01 법령·질의회시·Q&A·해석 | B14: ★ | C14: 오픈API | D14: 한국산업안전보건공단_안전보건법령 스마트검색 | E14: 한국산업안전보건공단 | F14: JSON | G14: 2026-08-12 | H14: https://www.data.go.kr/data/15123696/openapi.do | I14: 산업안전보건법.령.규칙, 기준에 관한 규칙.고시.훈령.예규, 중대재해처벌법.령, 안전보건기술지침(KOSHA GUIDE), 안전보건 미디어 자료, 유해·위험작업의 취업 제한에 관한 규칙
A15: 01 법령·질의회시·Q&A·해석 | C15: 오픈API | D15: 국민권익위원회_고충민원 결정례 조회 서비스 | E15: 국민권익위원회 | F15: XML+JSON | G15: 2025-09-01 | H15: https://www.data.go.kr/data/15102383/openapi.do | I15: 국민이 일상생활 속에서 겪는 다양한 고충민원에 대해 2013년 이후 국민권익위원회에서 처리한 약 700여 건의 고충민원 사례를 수록한 결정례집을 기반으로 하며, 각 사례는 행정, 교육
A16: 01 법령·질의회시·Q&A·해석 | C16: 오픈API | D16: 법제처 별표,서식(행정규칙)정보 | E16: 법제처 | F16: XML | G16: 2025-07-08 | H16: https://www.data.go.kr/data/3034000/openapi.do | I16: 이러한 정보는 행정기관의 업무 수행과 관련된 법령의 해석과 적용에 있어 중요한 참고자료로 활용됩니다.
A17: 01 법령·질의회시·Q&A·해석 | C17: 오픈API | D17: 법제처_국토교통부 법령해석 목록 조회 | E17: 법제처 | F17: XML+JSON | G17: 2025-07-03 | H17: https://www.data.go.kr/data/15140238/openapi.do | I17: 본 서비스는 국토의 계획 및 이용에 관한 법률, 건축법, 주택법, 도로법 등 국토교통부 관련 법령에 대한 해석 요청 목록을 제공하며, 각 사례는 실제 행정 현장에서 제기된 법적 쟁점에
A18: 01 법령·질의회시·Q&A·해석 | C18: 오픈API | D18: 법제처_국토교통부 법령해석 본문 조회 | E18: 법제처 | F18: XML+JSON | G18: 2025-07-03 | H18: https://www.data.go.kr/data/15140240/openapi.do | I18: 법제처 국가법령정보센터에서 제공하는 국토교통부 법령해석 데이터로, 법령해석에 대한 본문 정보를 조회하는 서비스입니다.
A19: 01 법령·질의회시·Q&A·해석 | C19: 오픈API | D19: 법제처_법령 용어 목록 조회 | E19: 법제처 | F19: XML | G19: 2025-07-08 | H19: https://www.data.go.kr/data/15057595/openapi.do | I19: 법제처_법령 용어 목록 조회 데이터는 대한민국 법령에서 사용되는 주요 법률용어와 그 정의를 체계적으로 수록한 자료입니다.
A20: 01 법령·질의회시·Q&A·해석 | C20: 오픈API | D20: 법제처_법령 용어 본문 조회 | E20: 법제처 | F20: XML | G20: 2025-07-08 | H20: https://www.data.go.kr/data/15057261/openapi.do | I20: 본 데이터는 법령 내에서 사용되는 용어의 정의 및 본문 내용을 제공하는 데이터입니다.
A21: 01 법령·질의회시·Q&A·해석 | C21: 오픈API | D21: 법제처_법령해석례 | E21: 법제처 | F21: XML | G21: 2025-07-10 | H21: https://www.data.go.kr/data/15057092/openapi.do | I21: 본 데이터는 법제처에서 수집·정리한 법령에 대한 해석례를 제공하는 자료입니다.
A22: 01 법령·질의회시·Q&A·해석 | C22: 오픈API | D22: 법제처_법령해석례 본문 조회 | E22: 법제처 | F22: XML | G22: 2025-07-08 | H22: https://www.data.go.kr/data/15059402/openapi.do | I22: 본 데이터는 법제처가 제공하는 법령 해석례에 대한 전문 정보를 포함합니다. 각 사례는 질의기관명, 질의일자, 문의 법조문과 법령번호, 해당 해석일자 및 해석의견을 수록합니다.
A23: 01 법령·질의회시·Q&A·해석 | C23: 오픈API | D23: 법제처_법령해석례 상세 조회 정보 | E23: 법제처 | F23: XML | G23: 2026-01-02 | H23: https://www.data.go.kr/data/15090746/openapi.do | I23: 법제처 정부입법지원센터에서 제공하는 법령해석례에 대한 상세정보를 OPEN API형식으로 제공하여 국민 모두가 활용 용이하게끔 한 데이터입니다.
A24: 01 법령·질의회시·Q&A·해석 | C24: 오픈API | D24: 법제처_산업통상부 법령해석 목록 조회 | E24: 법제처 | F24: XML+JSON | G24: 2025-11-25 | H24: https://www.data.go.kr/data/15153062/openapi.do | I24: 법제처 국가법령정보센터에서 제공하는 산업통상부 법령해석 데이터로, 법령해석에 대한 목록 정보를 조회하는 서비스입니다.
A25: 01 법령·질의회시·Q&A·해석 | C25: 오픈API | D25: 법제처_산업통상부 법령해석 본문 조회 | E25: 법제처 | F25: XML+JSON | G25: 2025-11-25 | H25: https://www.data.go.kr/data/15153063/openapi.do | I25: 본 서비스는 산업통상부 소관 법령 질의에 대한 법제처의 회신 내용을 본문 형태로 제공하며, 해석일련번호, 안건명, 해석일자, 기관정보, 질의요지, 회답, 이유, 관련법령 등의 항목으로
A26: 01 법령·질의회시·Q&A·해석 | C26: 오픈API | D26: 법제처_자치법규 목록 조회 | E26: 법제처 | F26: XML | G26: 2025-07-09 | H26: https://www.data.go.kr/data/15057575/openapi.do | I26: 본 데이터는 각 자치법규의 명칭, 고시번호, 제정 및 개정 일자, 시행 시작일, 소관 부서, 법령상의 근거 조항, 분류 체계 및 해당 법규의 현재 시행 상태 등을 포함합니다.
... A33: 01 법령·질의회시·Q&A·해석 | C33: 오픈API | D33: 법제처_현행법령 본문 조항호목 조회 | E33: 법제처 | F33: XML | G33: 2025-07-08 | H33: https://www.data.go.kr/data/15058878/openapi.do | I33: 본 데이터는 현행 법령의 본문 내 조항 및 호목 단위로 상세 조회가 가능한 정보를 제공합니다.
A34: 02 화학물질·MSDS·화학사고 | B34: ★ | C34: 오픈API | D34: 기후에너지환경부 화학물질안전원_화학물질 배출 및 이동량 정보 | E34: 기후에너지환경부 화학물질안전원 | F34: XML+JSON | G34: 2022-08-02 | H34: https://www.data.go.kr/data/15024756/openapi.do | I34: 화학물질 배출로부터 국민의 건강 및 환경을 보호하고 사업장으로 하여금 자발적인 화학물질 배출의 저감을 유도하기 위하여 매년 대통령령으로 정하는 화학물질을 취급하는 사업장에 대하여 해당
A35: 02 화학물질·MSDS·화학사고 | B35: ★ | C35: 오픈API | D35: 기후에너지환경부 화학물질안전원_화학물질안전관리정보 | E35: 기후에너지환경부 화학물질안전원 | F35: XML | G35: 2025-05-23 | H35: https://www.data.go.kr/data/15072442/openapi.do | I35: 매년 유해화학물질을 취급하는 사업장과 그 사용량이 꾸준히 증가하고 있습니다. 이에 따라 국민의 안전을 확보하기 위한 체계적인 관리와 정보 제공이 더욱 중요해지고 있습니다.
A36: 02 화학물질·MSDS·화학사고 | B36: ★ | C36: 오픈API | D36: 기후에너지환경부 화학물질안전원_화학사고정보 | E36: 기후에너지환경부 화학물질안전원 | F36: XML | G36: 2025-05-26 | H36: https://www.data.go.kr/data/15072446/openapi.do | I36: 정보 제공의 목적은 전국적으로 발생하는 화학사고의 발생 현황, 원인, 물질 종류, 피해 규모 등의 정보를 체계적으로 수집·분석하여 이를 국민과 관련 기관에 투명하게 공개함으로써 국민의
A37: 02 화학물질·MSDS·화학사고 | B37: ★ | C37: 오픈API | D37: 한국산업안전보건공단_물질안전보건자료 조회 서비스 | E37: 한국산업안전보건공단 | F37: XML | G37: 2026-09-17 | H37: https://www.data.go.kr/data/15157612/openapi.do | I37: 공단 화학물질정보 시스템(https://msds.kosha.or.kr/MSDSInfo/)에서 검색가능한 화학물질 안전보건자료의 목록 및 내용을 제공합니다. - 물질안전보건자료대상물질
A38: 02 화학물질·MSDS·화학사고 | B38: ★ | C38: 오픈API | D38: 한국환경공단_유독물GHS 정보 조회 서비스 | E38: 한국환경공단 | F38: XML+JSON | G38: 2025-09-16 | H38: https://www.data.go.kr/data/15149423/openapi.do | I38: 영문 물질명, CAS번호, 고유번호 등을 기준으로 물질명(국문, 영문), 물질유형 및 고유번호, 신호어, M계수, UN번호, 그림문자코드, 유해성분류(항목명, 분류등급, 유해위험코드) 등을 제공하는 유독물GHS 정보 조회 서비스 부가설명 화학물질관리법에 따라 화학물질
A39: 02 화학물질·MSDS·화학사고 | B39: ★ | C39: 오픈API | D39: 한국환경공단_화학물질 정보 조회 서비스 | E39: 한국환경공단 | F39: XML+JSON | G39: 2025-09-16 | H39: https://www.data.go.kr/data/15149420/openapi.do | I39: CAS번호, 물질명(국문, 영문), 고유번호 등을 기준으로 물질ID, CAS번호, KE번호, 물질명(국문, 영문), 물질유사명(국문, 영문), 분자식, 분자량, 물질분류 (물질분류유형, 고유번호, 함량정보, 예외정보, 고시일자, 고시정보) 등을 제공하는 화학물질 정보
A40: 02 화학물질·MSDS·화학사고 | C40: 오픈API | D40: 행정안전부_공유플랫폼_화학사고대피장소 | E40: 행정안전부 | F40: JSON | G40: 2025-05-26 | H40: https://www.data.go.kr/data/15139645/openapi.do | I40: 행정안전부에서 운영하는 재난안전데이터 공유플랫폼(https://www.safetydata.go.kr)에서 제공하는 화학사고 대피장소 정보로, 시도명, 시군구명, 대피시설순번, 시설구분
A41: 02 화학물질·MSDS·화학사고 | C41: 오픈API | D41: 행정안전부_유해화학물질취급시설안전점검결과 | E41: 행정안전부 | F41: JSON | G41: 2025-11-21 | H41: https://www.data.go.kr/data/15153441/openapi.do | I41: . - 해당 데이터는 행정안전부에서 제공하는 유해화학물질취급시설안전점검결과 정보입니다.'
A42: 02 화학물질·MSDS·화학사고 | C42: 오픈API | D42: 행정안전부_유해화학시설-폐기물처리시설 | E42: 행정안전부 | F42: WMS | G42: 2025-11-19 | H42: https://www.data.go.kr/data/15101916/openapi.do | I42: - 지역별 폐기물처리시설 업체 수를 표시한 정보입니다. - 지도상의 심벌을 클릭하시면 상세정보(업체수)를 확인할 수 있습니다.
A43: 02 화학물질·MSDS·화학사고 | C43: 오픈API | D43: 행정안전부_유해화학시설-환경배출시설 | E43: 행정안전부 | F43: WMS | G43: 2025-11-19 | H43: https://www.data.go.kr/data/15101922/openapi.do | I43: - 지역별 환경배출시설 업체 수를 표시한 정보입니다. - 지도상의 심벌을 클릭하시면 상세정보(업체수)를 확인할 수 있습니다.
A44: 02 화학물질·MSDS·화학사고 | C44: 오픈API | D44: 행정안전부_유해화학시설통계-폐기물처리시설 | E44: 행정안전부 | F44: WMS | G44: 2025-11-19 | H44: https://www.data.go.kr/data/15101918/openapi.do | I44: - 폐기물처리시설 위치를 표시한 정보입니다. - 지도상의 심벌을 클릭하시면 상세정보(업체명,업종,도로명주소)를 확인할 수 있습니다.
A45: 02 화학물질·MSDS·화학사고 | C45: 오픈API | D45: 행정안전부_유해화학시설통계-환경배출시설 | E45: 행정안전부 | F45: WMS | G45: 2025-11-19 | H45: https://www.data.go.kr/data/15101924/openapi.do | I45: . * 종류( 사업장의 규모별 구분(제44조제2항 관련) ) 제1종 사업장 : 1일 폐수배출량이 2,000㎥ 이상인 사업장 제2종 사업장 : 1일 폐수배출량이 700㎥ 이상, 2,000
A46: 03 작업환경·보건관리·건강진단 | B46: ★ | C46: 오픈API | D46: 한국산업안전보건공단_업무상 질병사례 게시판 조회서비스 | E46: 한국산업안전보건공단 | F46: JSON | G46: 2026-09-08 | H46: https://www.data.go.kr/data/15163160/openapi.do | I46: 한국산업안전보건공단에서 제공하는 업무상 질병 및 직업성 질병 관련 사고사례 정보를 제공하는 API입니다.
A47: 03 작업환경·보건관리·건강진단 | C47: 오픈API | D47: 한국산업안전보건공단_업무상 질병사례 게시판 첨부파일 조회서비스 | E47: 한국산업안전보건공단 | F47: JSON | G47: 2026-09-08 | H47: https://www.data.go.kr/data/15163166/openapi.do | I47: 한국산업안전보건공단 산업안전포털에서 제공하는 업무상 질병사례 게시물에 등록된 첨부파일 정보를 조회하기 위한 서비스입니다.
A48: 03 작업환경·보건관리·건강진단 | C48: 오픈API | D48: 한국환경공단_다중이용시설 실내공기질 자동측정망 실시간정보 | E48: 한국환경공단 | F48: XML | G48: 2025-07-09 | H48: https://www.data.go.kr/data/15038044/openapi.do | I48: 환경부에서 운영중인 다중이용시설 실내공기질 자동측정망의 실시간정보를 제공 실내공기질 자동측정망 구축, 운영으로 정책 수립 기초자료를 확보하고 이를 통한 과학적인 실내공기질 저감 방안 마련을 위한 목적으로 사용
A49: 03 작업환경·보건관리·건강진단 | C49: 오픈API | D49: 한국환경공단_지하역사 실내공기질 자동측정망 실시간 측정데이터 초미세먼지 정보 | E49: 한국환경공단 | F49: XML+JSON | G49: 2026-05-07 | H49: https://www.data.go.kr/data/15159322/openapi.do | I49: - 전국 지하역사의 실내공기질 실시간 초미세먼지 정보 개방하고 있습니다. - 2021년 4월 1일부터 지하역사의 초미세먼지 농도를 측정하고 공개하도록 법이 시행되면서 시민들이 평소에 이용하는 지하역사의 초미세먼지 농도를 실시간으로 확인할 수 있는 정보를 제공하고 있습니
A50: 03 작업환경·보건관리·건강진단 | C50: 오픈API | D50: 한국환경공단_지하역사 실내공기질 자동측정망 측정데이터 초미세먼지 월별 확정 정보 | E50: 한국환경공단 | F50: XML+JSON | G50: 2026-04-29 | H50: https://www.data.go.kr/data/15125024/openapi.do | I50: - 전국 지하역사의 실내공기질 자동측정망으로부터 수집된 초미세먼지 월별 확정 정보를 개방하고 있습니다. - 측정장비의 동작불량, 점검 등에 따른 이상 측정값을 선별하여 제외하고, 정상적으로 측정된 측정값을 확정한 자료입니다. - 2021년 4월 1일부터 지하역사의 초미
A51: 04 산업재해 통계·사고사례 | B51: ★ | C51: 오픈API | D51: 국토안전관리원_사고사례 정보조회 서비스 | E51: 국토안전관리원 | F51: XML+JSON | G51: 2022-10-05 | H51: https://www.data.go.kr/data/15053339/openapi.do | I51: 시설물의 사고에 대한 상세 자료(시설물명, 종류, 위치, 시설물형식, 사고일자, 사고발생부위, 사고원인, 사고 내용 등)에 대한 데이터
A52: 04 산업재해 통계·사고사례 | B52: ★ | C52: 오픈API | D52: 한국산업안전보건공단_국내재해사례 게시판 정보 조회서비스 | E52: 한국산업안전보건공단 | F52: JSON | G52: 2026-08-28 | H52: https://www.data.go.kr/data/15121001/openapi.do | I52: 산언안전포털 홈페이지(https://portal.kosha.or.kr)에서 제공 중인 국내재해사례 게시판 정보를 실시간으로 조회하실 수 있도록 제공하는 데이터입니다. ■ API 관련
A53: 04 산업재해 통계·사고사례 | B53: ★ | C53: 오픈API | D53: 한국산업안전보건공단_사고사망 게시판 정보 조회서비스 | E53: 한국산업안전보건공단 | F53: JSON | G53: 2026-08-12 | H53: https://www.data.go.kr/data/15119137/openapi.do | I53: 한국산업안전보건공단 홈페이지에서 제공 중인 사고사망 게시판 정보를 실시간으로 조회하실 수 있도록 제공하는 데이터입니다.
A54: 04 산업재해 통계·사고사례 | B54: ★ | C54: 오픈API | D54: 한국산업안전보건공단_사망사고 고위험요인(SIF) 아카이브 조회서비스 | E54: 한국산업안전보건공단 | F54: JSON | G54: 2026-09-21 | H54: https://www.data.go.kr/data/15161362/openapi.do | I54: 한국산업안전보건공단이 제공하는 “사망사고 고위험요인(SIF) 아카이브 조회서비스”는 국내 산업현장에서 발생한 사망·중상해 사례를 고위험작업·상황(Potential) 및 재해유발요인(
A55: 04 산업재해 통계·사고사례 | C55: 오픈API | D55: 소방청_지역별 화재피해 현황 | E55: 소방청 | F55: XML+JSON | G55: 2025-04-14 | H55: https://www.data.go.kr/data/15142972/openapi.do | I55: 소방청에서 화재 조사가 완료된 화재 현황에 대해 화재발생일자, 출동소방서, 인적 피해 현황(사망, 부상), 금전적 피해 현황 및 주소(읍, 면, 동까지)를 Open API 형식으로
A56: 04 산업재해 통계·사고사례 | C56: 오픈API | D56: 소방청_화재정보서비스 | E56: 소방청 | F56: XML+JSON | G56: 2026-03-31 | H56: https://www.data.go.kr/data/15077644/openapi.do | I56: 소방청 국가화재정보 통계 서비스 조회 날짜를 이용하여 소방 관서 별, 시도 단위, 시도 별, 화재 장소 별, 발화 요인 별, 발화 지점 별, 발화 장소 별, 건물 구조 별, 지역 별
A57: 04 산업재해 통계·사고사례 | C57: 오픈API | D57: 한국산업안전보건공단_국내재해사례 게시판 첨부파일 정보 조회서비스 | E57: 한국산업안전보건공단 | F57: JSON | G57: 2026-08-28 | H57: https://www.data.go.kr/data/15121008/openapi.do | I57: 산언안전포털 홈페이지(https://portal.kosha.or.kr)에서 제공 중인 국내재해사례 게시판 첨부파일 정보를 실시간으로 조회하실 수 있도록 제공하는 데이터입니다.
A58: 04 산업재해 통계·사고사례 | C58: 오픈API | D58: 한국승강기안전공단_(신)승강기사고및고장이력 조회 서비스 | E58: 한국승강기안전공단 | F58: XML | G58: 2025-11-06 | H58: https://www.data.go.kr/data/15151169/openapi.do | I58: 승강기사고및고장이력 서비스로 승강기고유번호, 건물명, 건물주소1, 건물주소2, 시도명, 시군구명, 승강기호기, 승강기구분, 승강기형식, 승강기세부형식, 승강기종류, 설치장소, 운행층수
A59: 04 산업재해 통계·사고사례 | C59: 오픈API | D59: 한국승강기안전공단_사고및고장승강기이력 조회 서비스 | E59: 한국승강기안전공단 | F59: XML | G59: 2025-11-06 | H59: https://www.data.go.kr/data/15151196/openapi.do | I59: 사고고장승강기이력 서비스로 사고날짜, 승강기관리번호1, 승강기관리번호2, 고장/사고 구분, 사고번호, 결과, 사고유형, 소재지1, 소재지2, 건물명, 원인을 승강기고유번호를 필수로
A60: 04 산업재해 통계·사고사례 | C60: 오픈API | D60: 행정안전부_가스사고발생이력 | E60: 행정안전부 | F60: JSON | G60: 2025-09-25 | H60: https://www.data.go.kr/data/15150642/openapi.do | I60: 행정안전부에서는 「재난 및 안전관리 기본법」에 따라 데이터 기반 재난 및 안전관리체제 확립 및 재난안전데이터 수집·연계·분석·활용·공유·공개를 위하여 재난안전데이터통합관리시스템인 '
A61: 04 산업재해 통계·사고사례 | C61: 오픈API | D61: 행정안전부_산업및사망재해통계 | E61: 행정안전부 | F61: JSON | G61: 2025-11-21 | H61: https://www.data.go.kr/data/15153351/openapi.do | I61: '행정안전부에서는 「재난 및 안전관리 기본법」에 따라 데이터 기반 재난 및 안전관리체제 확립 및 재난안전데이터 수집·연계·분석·활용·공유·공개를 위하여 재난안전데이터통합관리시스템인
A62: 04 산업재해 통계·사고사례 | C62: 오픈API | D62: 행정안전부_생활안전지도 사망재해수(전체) | E62: 행정안전부 | F62: WMS | G62: 2025-11-19 | H62: https://www.data.go.kr/data/15101882/openapi.do | I62: 행정안전부에서 운영하는 생활안전지도 (https://www.safemap.go.kr)에서 제공하는 산업재해로 관할청 별 1년 간의 산업 재해 발생 건수를 표시한 정보입니다.
A63: 04 산업재해 통계·사고사례 | C63: 오픈API | D63: 행정안전부_생활안전지도 산업재해수(전체) | E63: 행정안전부 | F63: WMS | G63: 2025-11-19 | H63: https://www.data.go.kr/data/15101879/openapi.do | I63: 행정안전부에서 운영하는 생활안전지도 (https://www.safemap.go.kr)에서 제공하는 산업재해로 관할청 별 1년 간의 산업 재해 발생 건수를 표시한 정보입니다.
A64: 05 산재보험·보상·업무상질병 | B64: ★ | C64: 오픈API | D64: 근로복지공단_질병판정서 조회 서비스 | E64: 근로복지공단 | F64: XML | G64: 2026-01-12 | H64: https://www.data.go.kr/data/15110836/openapi.do | I64: 본 API는 근로복지공단 업무상질병판정위원회에서 업무상 질병 여부를 심의한 결과인 질병판정서 정보를 개방하여 산재 판정의 객관성과 투명성을 높이기 위해 구축된 서비스입니다.
A65: 05 산재보험·보상·업무상질병 | C65: 오픈API | D65: 근로복지공단_고용·산재보험 가입·완납 증명원 진위 확인 | E65: 근로복지공단 | F65: XML+JSON | G65: 2025-07-25 | H65: https://www.data.go.kr/data/15144640/openapi.do | I65: 근로복지공단에서 발급된 고용 및 산재보험에 대한 가입•완납 증명원의 진위, 유효성 여부를 확인할 수 있도록 정보를 제공합니다. - 오픈API 서비스는 2025. 5. 16.
A66: 05 산재보험·보상·업무상질병 | C66: 오픈API | D66: 근로복지공단_고용/산재보험 현황정보 | E66: 근로복지공단 | F66: XML | G66: 2026-01-10 | H66: https://www.data.go.kr/data/15059256/openapi.do | I66: 근로복지공단에서 제공하는 정보 중 고용보험 및 산재보험에 대한 현황입니다. (사업장명, 주소, 근로자 수, 보험료 고지정보 등)
A67: 05 산재보험·보상·업무상질병 | C67: 오픈API | D67: 근로복지공단_산재보험 요양 신청·승인 데이터 | E67: 근로복지공단 | F67: XML+JSON | G67: 2025-07-22 | H67: https://www.data.go.kr/data/15144645/openapi.do | I67: 근로자가 산재보험 요양에 대하여 신청 및 승인시 발생하는 산재보험 정보를 분류 별로 제공하고 각 분류 별 현황 정보를 제공합니다. - 오픈API 서비스는 2025. 5. 16. 기준으로 과거 10년간 데이터를 제공하며, 이후 데이터는 서비스 준비 중입니다. - 산재보험
A68: 05 산재보험·보상·업무상질병 | C68: 오픈API | D68: 근로복지공단_산재재활기관관리정보 | E68: 근로복지공단 | F68: XML | G68: 2026-01-12 | H68: https://www.data.go.kr/data/15058716/openapi.do | I68: 본 API는 산업재해보상보험법에 따라 산재 근로자의 원활한 사회복귀를 지원하기 위해 근로복지공단에서 선정하여 관리하는 전국 산재재활 위탁기관의 통합 정보를 제공합니다.
A69: 05 산재보험·보상·업무상질병 | C69: 오픈API | D69: 행정안전부_생활안전지도 산재지정병원 | E69: 행정안전부 | F69: WMS | G69: 2025-11-19 | H69: https://www.data.go.kr/data/15149537/openapi.do | I69: 산재지정병원은 근로복지공단으로부터 산업재해 환자를 치료할 수 있는 자격을 부여 받은 의료기관 입니다.
A70: 06 안전보건 지정기관·인증·검사·교육기관 | B70: ★ | C70: 오픈API | D70: 한국산업안전보건공단_보호구 안전인증서 진위확인 조회서비스 | E70: 한국산업안전보건공단 | F70: JSON | G70: 2026-08-28 | H70: https://www.data.go.kr/data/15149809/openapi.do | I70: 한국산업안전보건공단에서 제공하는 보호구 안전인증서 진위확인 조회서비스입니다. - 발급된 증명서의 안전인증 번호를 입력하세요.
A71: 06 안전보건 지정기관·인증·검사·교육기관 | B71: ★ | C71: 오픈API | D71: 한국산업안전보건공단_위험기계기구 안전인증서 진위확인 조회서비스 | E71: 한국산업안전보건공단 | F71: JSON | G71: 2026-08-28 | H71: https://www.data.go.kr/data/15149912/openapi.do | I71: 한국산업안전보건공단에서 제공하는 위험기계기구 안전인증서 진위확인 조회서비스 입니다. - 발급된 증명서의 안전인증 번호를 입력하세요.('-'포함입력) ※ 안전인증이란?
A72: 06 안전보건 지정기관·인증·검사·교육기관 | C72: 오픈API | D72: 국토안전관리원_안전진단전문기관 정보 | E72: 국토안전관리원 | F72: XML+JSON | G72: 2022-11-16 | H72: https://www.data.go.kr/data/3069985/openapi.do | I72: 시설물의 안전관리에 관한 특별법에서 규정한 광역시/도의 안전진단전문기관에 대한 정보조회 서비스
A73: 06 안전보건 지정기관·인증·검사·교육기관 | C73: 오픈API | D73: 산업통상부 국가기술표준원_제품 안전인증 및 리콜 정보 | E73: 산업통상부 국가기술표준원 | F73: XML+JSON | G73: 2025-09-09 | H73: https://www.data.go.kr/data/15116894/openapi.do | I73: - 전기용품및생활용품안전관리법 및 어린이제품안전특별법 안전관리대상제품 중 안전인증 및 안전확인 제품에 대한 정보(제품명, 인증기관, 인증번호 등) - 국내 및 해외에서 리콜된 제품의
A74: 06 안전보건 지정기관·인증·검사·교육기관 | C74: 오픈API | D74: 한국산업안전보건공단_방호장치 안전인증서 진위확인 서비스 | E74: 한국산업안전보건공단 | F74: JSON | G74: 2026-08-12 | H74: https://www.data.go.kr/data/15149897/openapi.do | I74: 한국산업안전보건공단에서 제공하는 방호장치 안전인증서 진위확인 조회서비스입니다. - 발급된 증명서의 안전인증 번호를 입력하세요.
A75: 06 안전보건 지정기관·인증·검사·교육기관 | C75: 오픈API | D75: 한국산업안전보건공단_방호장치 자율안전확인신고서 진위확인 조회서비스 | E75: 한국산업안전보건공단 | F75: JSON | G75: 2026-08-28 | H75: https://www.data.go.kr/data/15150186/openapi.do | I75: 한국산업안전보건공단에서 제공하는 방호장치 자율안전확인신고서 발급문서 진위확인 조회서비스입니다. ※ 자율안전확인신고란?
A76: 06 안전보건 지정기관·인증·검사·교육기관 | C76: 오픈API | D76: 한국산업안전보건공단_보호구 안전인증 현황 | E76: 한국산업안전보건공단 | F76: XML | G76: 2026-09-16 | H76: https://www.data.go.kr/data/15139497/openapi.do | I76: 한국산업안전보건공단 인증원에서 제공하는 보호구 안전인증 현황으로 용량/등급, 방호장치보호구형식명, 인증번호, 신청분야,종류, 제조공장명 등을 확인할 수 있도록 보호구에 대한 정보를
A77: 06 안전보건 지정기관·인증·검사·교육기관 | C77: 오픈API | D77: 한국산업안전보건공단_보호구 자율안전확인신고서 진위확인 조회서비스 | E77: 한국산업안전보건공단 | F77: JSON | G77: 2026-08-06 | H77: https://www.data.go.kr/data/15150185/openapi.do | I77: 한국산업안전보건공단에서 제공하는 보호구 자율안전확인신고서 발급문서 진위확인 조회서비스입니다. ※ 자율안전확인신고란?
A78: 06 안전보건 지정기관·인증·검사·교육기관 | C78: 오픈API | D78: 한국산업안전보건공단_위험기계기구 자율안전확인신고서 진위확인 조회서비스 | E78: 한국산업안전보건공단 | F78: JSON | G78: 2026-09-03 | H78: https://www.data.go.kr/data/15150184/openapi.do | I78: 한국산업안전보건공단에서 제공하는 위험기계기구 자율안전확인신고서 진위확인 조회서비스 입니다. ※ 자율안전확인신고란?
A79: 06 안전보건 지정기관·인증·검사·교육기관 | C79: 오픈API | D79: 한국산업안전보건공단_S마크 안전인증서 진위확인 조회서비스 | E79: 한국산업안전보건공단 | F79: JSON | G79: 2026-08-12 | H79: https://www.data.go.kr/data/15150183/openapi.do | I79: 한국산업안전보건공단에서 제공하는 s마크 안전인증서 진위확인 조회서비스입니다. - 안전인증(S마크)제도는,제품의 안전성과 신뢰성 그리고 제품의 안전설계 및 제조를 위한 제조사의 품질관리
A80: 06 안전보건 지정기관·인증·검사·교육기관 | C80: 오픈API | D80: 한국승강기안전공단_승강기안전검사이력 조회 서비스 | E80: 한국승강기안전공단 | F80: XML | G80: 2026-10-01 | H80: https://www.data.go.kr/data/15151161/openapi.do | I80: 승강기안전검사이력서비스로 승강기고유번호,건물명,건물주소1,건물주소2,시도명,시군구명,승강기호기,승강기구분,승강기형식,승강기세부형식,승강기종류,설치장소,운행층수,정격속도,적재하중,최대정원
A81: 07 안전보건 교육자료·매뉴얼·가이드 | C81: 오픈API | D81: 한국산업안전보건공단_안전보건자료 링크 서비스 | E81: 한국산업안전보건공단 | F81: JSON | G81: 2026-08-28 | H81: https://www.data.go.kr/data/15139398/openapi.do | I81: 한국산업안전보건공단에서 제공하는 안전보건자료의 링크(URL)을 조회할 수 있는 서비스 입니다. - 사업장에서 안전보건교육을 효과적으로 실시하여 자기규율 예방체계를 구축할 수 있도록
A82: 08 폐기물·자원순환 | B82: ★ | C82: 오픈API | D82: 한국환경공단_사업장폐기물 인계정보 | E82: 한국환경공단 | F82: XML+JSON | G82: 2023-11-29 | H82: https://www.data.go.kr/data/15124992/openapi.do | I82: 기준 년월, 폐기물 명, 관할청 명을 통해 기준 년월과 폐기물 명을 기준으로 배출 위탁량, 운반량, 처리량, 재활용량 정보를 제공하는 사업장 폐기물 인계 정보 서비스
A83: 08 폐기물·자원순환 | B83: ★ | C83: 오픈API | D83: 한국환경공단_사업장폐기물 행정처분 정보 조회서비스 | E83: 한국환경공단 | F83: XML+JSON | G83: 2026-01-05 | H83: https://www.data.go.kr/data/15156661/openapi.do | I83: 사업장폐기물 행정처분 정보 조회서비스 각 지역의 폐기물처리 사업자에 대한 내역과 위반내역에 대한 정보를 제공합니다. 업체명, 사업자등록번호, 업종구분명, 행정처분기관명, 행정처분일자, 시작일자 및 종료일자, 위반내역에 대한 정보를 조회할 수 있습니다. 해당 정보는 폐기
A84: 08 폐기물·자원순환 | B84: ★ | C84: 오픈API | D84: 한국환경공단_폐기물 적합성 확인 | E84: 한국환경공단 | F84: XML+JSON | G84: 2026-10-01 | H84: https://www.data.go.kr/data/15164544/openapi.do | I84: 최초 인허가 일자에 따른 적합성 확인 유효기간을 조회하는 기능으로 유효기간 내에 행정처분이 있을시 5년, 없을시 7년이며, 해당 API는 최초 인허가 일자에 따른 최초 유효기간을 조회하는 기능으로 자세한 적합성 확인 일자는 허가기관(시, 도, 유역(지방)환경청) 에 문
A85: 08 폐기물·자원순환 | B85: ★ | C85: 오픈API | D85: 한국환경공단_폐기물 처리업체 정보 조회 서비스 | E85: 한국환경공단 | F85: XML+JSON | G85: 2025-02-26 | H85: https://www.data.go.kr/data/15141649/openapi.do | I85: 사업장폐기물이란 대기환경보전법, 물환경보전법, 소음·진동관리법 등의 규정에 따라 배출시설을 설치·운영하는 사업장에서 발생하는 폐기물을 말합니다.
A86: 08 폐기물·자원순환 | C86: 오픈API | D86: 기후에너지환경부_분리배출 정보조회 서비스 | E86: 기후에너지환경부 | F86: JSON | G86: 2025-12-24 | H86: https://www.data.go.kr/data/15156866/openapi.do | I86: 사용자가 생활폐기물 분리배출에 필요한 핵심 정보를 편리하게 조회할 수 있도록 돕습니다. 검색한 배출 품목명을 기준으로 해당 품목의 대표 배출방법과 배출장소의 주소를 제공합니다.
A87: 08 폐기물·자원순환 | C87: 오픈API | D87: 한국환경공단_냉매관리제도 정보 | E87: 한국환경공단 | F87: XML+JSON | G87: 2024-03-14 | H87: https://www.data.go.kr/data/15125030/openapi.do | I87: 한국환경공단은 기후변화 대응을 위해 대기환경보전법에 따라 ‘냉매관리제도’를 시행하고 있으며, 냉매정보관리시스템(RIMS)에 등록된 데이터 중 냉매사용기기 정보의 제작사, 유형(압축방식
A88: 08 폐기물·자원순환 | C88: 오픈API | D88: 한국환경공단_냉매회수업체 정보 | E88: 한국환경공단 | F88: XML+JSON | G88: 2024-03-14 | H88: https://www.data.go.kr/data/15125025/openapi.do | I88: 한국환경공단은 기후변화 대응을 위해 대기환경보전법에 따라 ‘냉매관리제도’를 시행하고 있으며, 냉매정보관리시스템(RIMS)에 등록된 데이터 중 냉매사용기기 정보의 제작사, 유형(압축방식
A89: 08 폐기물·자원순환 | C89: 오픈API | D89: 한국환경공단_사업장 일반폐기물 배출 사업장 정보 조회 서비스 | E89: 한국환경공단 | F89: XML+JSON | G89: 2025-12-18 | H89: https://www.data.go.kr/data/15156626/openapi.do | I89: 한국환경공단에서 운영하는 폐기물관리시스템(올바로시스템)에 등록된 사업장일반폐기물에 대한 2024년 실적보고 데이터[기초시군구(관할관청), 사업장명, 폐기물분류, 폐기물구분, 폐기물명
A90: 08 폐기물·자원순환 | C90: 오픈API | D90: 한국환경공단_순환자원 인정업체 정보 조회 서비스 | E90: 한국환경공단 | F90: XML+JSON | G90: 2025-02-26 | H90: https://www.data.go.kr/data/15141648/openapi.do | I90: 순환자원 인정제도의 적용을 받는 대상 업체 정보를 조회하는 서비스입니다. 사업자등록번호와 특정 기준일자를 입력받아 순환자원 인정업체의 유효성 여부를 통해 업체정보에 대한 진위확인이 가능합니다.
A91: 08 폐기물·자원순환 | C91: 오픈API | D91: 한국환경공단_자원순환정보시스템_폐기물통계정보 | E91: 한국환경공단 | F91: JSON | G91: 2024-02-27 | H91: https://www.data.go.kr/data/15106003/openapi.do | I91: 국가승인 폐기물 통계 중 [전국폐기물 발생 및 처리현황], [폐기물 재활용실적 및 업체현황] 등 공표된 주요 통계 정보에 대해 제공하고 있습니다.
A92: 08 폐기물·자원순환 | C92: 오픈API | D92: 한국환경공단_재활용 지정사업자 정보 조회 서비스 | E92: 한국환경공단 | F92: XML+JSON | G92: 2025-12-18 | H92: https://www.data.go.kr/data/15156642/openapi.do | I92: 1. 조사목적: 재활용가능자원인 폐지, 폐유리용기, 철스크랩, 폐플라스틱재활용원료의 효율적인 이용과 재활용을 촉진하기 위하여 재활용지정사업자의 연간 이용목표율 대비 재활용실적을 파악하고 정책 수립을 위한 기초자료로 제공 2. 조사대상: 재활용지정사업자의 재활용 지침 제
A93: 08 폐기물·자원순환 | C93: 오픈API | D93: 한국환경공단_전기전자제품 유해물질 준수선언 정보 조회 | E93: 한국환경공단 | F93: XML+JSON | G93: 2026-09-10 | H93: https://www.data.go.kr/data/15163534/openapi.do | I93: 에 따라 제품 내 납(Pb), 수은(Hg), 카드뮴(Cd), 6가 크롬(Cr6+), PBB, PBDE 등 특정 유해물질이 기준 이하로 관리되었음을 확인하는 ‘준수선언’ 기록으로, 환경유해물질
A94: 08 폐기물·자원순환 | C94: 오픈API | D94: 한국환경공단_전기전자제품및자동차의재활용시스템 업체 정보 조회 서비스 | E94: 한국환경공단 | F94: XML+JSON | G94: 2025-02-26 | H94: https://www.data.go.kr/data/15141647/openapi.do | I94: 환경성보장제 적용을 받는 폐전기전자제품, 폐자동차 재활용 업체의 업종, 업체명, 우편번호, 도로명주소, 상세주소 등의 정보를 조회하는 서비스입니다.
A95: 08 폐기물·자원순환 | C95: 오픈API | D95: 한국환경공단_전기전자제품및자동차의재활용시스템_전기전자제품 업체 정보 조회서비스 | E95: 한국환경공단 | F95: XML+JSON | G95: 2025-12-23 | H95: https://www.data.go.kr/data/15156648/openapi.do | I95: 업체 유형 및 업종 구분 정보를 통해 산업별 환경책임 부과 기준 설정, 정책 대상 업체 선별, 제도 관련 교육 및 안내 대상 관리 등에 실무적으로 활용 가능하며, 지자체 및 유관 기관에서는
A96: 08 폐기물·자원순환 | C96: 오픈API | D96: 한국환경공단_폐기물처분부담금 정보(API 서비스) | E96: 한국환경공단 | F96: XML+JSON | G96: 2024-01-25 | H96: https://www.data.go.kr/data/15125003/openapi.do | I96: 공시기준 일자를 기준으로 공시 이자율 정보를 조회하는 폐기물 처분 부담금 공시 이자율 정보와 실적 년도의 폐기물 분류, 처분 방법, 처리 방법, 처분 중량, 매립 중량, 감면 중량, 산정 요율 등이 정보를 제공하는 폐기물 처분 담금 정보 서비스
A97: 08 폐기물·자원순환 | C97: 오픈API | D97: 행정안전부_자원환경_건설폐기물처리업 조회서비스 | E97: 행정안전부 | F97: XML+JSON | G97: 2026-04-16 | H97: https://www.data.go.kr/data/15154954/openapi.do | I97: 자원환경_건설폐기물처리업 데이터는 건설현장에서 나오는 건축폐기물을 수집·운반 및 중간처리하는 업소정보 데이터로 인허가일자, 영업상태, 사업장명, 소재지주소 등의 데이터를 제공합니다.
A98: 09 대기·수질·토양·환경측정 | B98: ★ | C98: 오픈API | D98: 한국환경공단_에어코리아_대기오염정보 | E98: 한국환경공단 | F98: XML+JSON | G98: 2026-06-30 | H98: https://www.data.go.kr/data/15073861/openapi.do | I98: 각 측정소별 대기오염정보를 조회하기 위한 서비스로 기간별, 시도별 대기오염 정보와 통합대기환경지수 나쁨 이상 측정소 내역, 대기질(미세먼지/오존) 예보 통보 내역 등을 조회할 수 있다
A99: 09 대기·수질·토양·환경측정 | C99: 오픈API | D99: 기후에너지환경부 국립환경과학원_미세먼지(금속성분) 실시간 정보 | E99: 기후에너지환경부 국립환경과학원 | F99: XML+JSON | G99: 2025-05-22 | H99: https://www.data.go.kr/data/15016368/openapi.do | I99: 환경부 국립환경과학원에서 국가 배경 지역과 주요 권역별 대기질 현황 파악은 물론 황사 등 장거리 이동 대기오염물질의 고농도 오염 현상에 대한 원인을 규명하기 위하여 대기환경연구소를
A100: 09 대기·수질·토양·환경측정 | C100: 오픈API | D100: 기후에너지환경부 국립환경과학원_수질 DB | E100: 기후에너지환경부 국립환경과학원 | F100: XML+JSON | G100: 2023-05-19 | H100: https://www.data.go.kr/data/15081073/openapi.do | I100: (수집방법) 본 데이터는 물환경측정망 운영계획 및 조류경보제 운영매뉴얼, 환경정책기본법 제22조, 수질및수생태계보전에 관한 법률 제9조, 16조, 22조, 23조, 법 제 16조의
A101: 09 대기·수질·토양·환경측정 | C101: 오픈API | D101: 기후에너지환경부 국립환경과학원_토양측정망 운영결과 DB | E101: 기후에너지환경부 국립환경과학원 | F101: XML+JSON | G101: 2025-05-27 | H101: https://www.data.go.kr/data/15000997/openapi.do | I101: 따른 28개 지목 중 임야, 전, 답, 과수원, 목장용지, 잡종지, 대지, 공장용지, 학교용지, 공원, 체육용지, 유원지, 도로, 철도용지, 하천부지, 종교용지 등 국민건강 및 생활환경과
A102: 09 대기·수질·토양·환경측정 | C102: 오픈API | D102: 기후에너지환경부 국립환경과학원_환경시험검사기관 정도관리 검증현황 | E102: 기후에너지환경부 국립환경과학원 | F102: XML+JSON | G102: 2025-07-21 | H102: https://www.data.go.kr/data/15000985/openapi.do | I102: [환경분야 시험검사 등에 관한 법률]제18조의2(시험검사기관의 정도관리)에 따라 환경분야 시험검사기관에 대한 숙련도 시험 및 현장평가를 적합판정 받은 환경시험검사기관의 검증현황을 제공한다
A103: 09 대기·수질·토양·환경측정 | C103: 오픈API | D103: 기후에너지환경부 국립환경과학원_환경영향평가 결정내용정보 서비스 | E103: 기후에너지환경부 국립환경과학원 | F103: XML | G103: 2025-05-26 | H103: https://www.data.go.kr/data/15143003/openapi.do | I103: 환경부 국립환경과학원 환경영향평가 결정내용에 대한 결정내용목록 정보(사업명, 협의기관명, 공람기간,넘버링, 한 페이지 결과 수, 페이지 번호 ,전체 결과 수, 결정내용코드 )를 조회
A104: 09 대기·수질·토양·환경측정 | C104: 오픈API | D104: 기후에너지환경부 국립환경과학원_환경영향평가 정보 서비스 | E104: 기후에너지환경부 국립환경과학원 | F104: XML | G104: 2025-05-26 | H104: https://www.data.go.kr/data/15142999/openapi.do | I104: 환경부 국립환경과학원 환경영향평가 위치정보(X좌표,Y좌표)와 구분(1 : 영향평가 사업지_선 2: 영향평가 사업지_면 3 : 멸종위기동물상_점 4: 멸종위기동물상_선 5: 멸종위기동물상_면
A105: 09 대기·수질·토양·환경측정 | C105: 오픈API | D105: 기후에너지환경부 국립환경과학원_환경영향평가 협의 현황정보 서비스 | E105: 기후에너지환경부 국립환경과학원 | F105: XML | G105: 2025-05-26 | H105: https://www.data.go.kr/data/15142987/openapi.do | I105: 환경영향평가 사업정보 협의현황 상세 진행현황 정보(취하일, 결과코드, 단계명, 접수일, 검토의뢰일, 검토결과접수일, 통보일, 반려일)를 조회하는 기능, 협의현황 상세 정보(환경영향평가
A106: 09 대기·수질·토양·환경측정 | C106: 오픈API | D106: 한국환경공단_악취측정항목 현황 | E106: 한국환경공단 | F106: XML+JSON | G106: 2023-11-29 | H106: https://www.data.go.kr/data/15124996/openapi.do | I106: 측정 연도, 행정구역명, 악취측정대행항목명 등을 기준으로 측정항목 코드, 측정항목 면을 조회하는 악취측정 현황 서비스
A107: 09 대기·수질·토양·환경측정 | C107: 오픈API | D107: 한국환경공단_에어코리아_고농도 초미세먼지(50초과) 예보 정보 | E107: 한국환경공단 | F107: XML+JSON | G107: 2026-06-30 | H107: https://www.data.go.kr/data/15112307/openapi.do | I107: 시시각각으로 변하는 대기질 상황을 전달하기 위해 매일 4회(오전 5시, 오전 11시,오후 5시 오후, 오후 11시에 발표되고 있습니다. ) ※ 운영계정으로 사용하고자 할 경우 '한국환경공단
...

Sheet 포털 외 자료
A1: 자료명 | B1: 기관 | C1: 형식 | D1: 비고 | E1: 링크
A2: 물질안전보건자료(MSDS) 질의회시집(2023 개정판) | B2: 고용노동부(화학사고예방과) | C2: PDF | D2: data.go.kr 미등록. 고용노동부 누리집 주요발간자료 | E2: https://moel.go.kr/info/publicdata/majorpublish/majorPublishView.do?bbs_seq=20230901622
A3: 지정폐기물 질의·회신 사례집 (2026.4 배포) | B3: 기후에너지환경부 원주지방환경청(자원순환과) | C3: 책자/PDF | D3: data.go.kr 미등록. 원주청 누리집 게시 예정으로 보도됨(지정폐기물 해당여부, 보관시설, 상황별 처리방법) | E3: https://www.yna.co.kr/view/AKR20260430191000062
A4: 지정폐기물 배출 사업장 적정 관리 가이드라인 리플릿 (2026.7) | B4: 기후에너지환경부 원주지방환경청 | C4: 리플릿 | D4: 보관기준·기간, 처리방법, 올바로 인계서, 유해성정보자료 작성 의무 등 | E4: https://www.mcee.go.kr/wonju/web/board/read.do?boardId=1875150&boardMasterId=258&condition.hideCate=1&menuId=1056
A5: 행정해석(질의회시) 게시판 | B5: 고용노동부 | C5: 웹 | D5: 산업안전보건 등 행정해석 원문 검색 (data.go.kr에는 "노동포털 질의회시_AI친화 학습데이터"로 일부 개방) | E5: https://moel.go.kr/info/publicdata/qnrinfo/qnrInfoList.do
A6: 재해조사보고서 공개 | B6: 고용노동부 | C6: 웹 | D6: 중대재해 재해조사보고서 공개 게시판 | E6: https://moel.go.kr/info/dsstExaminRpt/list.do
